Name,URL
'T Heemelrijck,https://www.debuik.nl/amsterdam/restaurant/t-heemelryck
't Blauwe Theehuis,https://www.debuik.nl/amsterdam/restaurant/t-blauwe-theehuis
't Nieuwe Diep,https://www.debuik.nl/amsterdam/restaurant/t-nieuwe-diep
212,https://www.debuik.nl/amsterdam/restaurant/212
"212, geïnspireerd op de New York vibe en haar eigentijdse concepten, is geopend in een vernieuwde inrichting met meer service en personeel en minder couverts.",https://www.debuik.nl/amsterdam/restaurant/212
29 Spices,https://www.debuik.nl/amsterdam/restaurant/29-spices
4850,https://www.debuik.nl/amsterdam/restaurant/4850
A Beautiful Mess,https://www.debuik.nl/amsterdam/restaurant/a-beautiful-mess
AMI Café Manger,https://www.debuik.nl/amsterdam/restaurant/ami-cafe-manger
ARCA,https://www.debuik.nl/amsterdam/restaurant/arca
ARIE,https://www.debuik.nl/amsterdam/restaurant/arie
"Aan de Danzigerkade van Amsterdam zit Restaurant Lars verstopt op een verdieping van het Moxy Hotel, waar er gewerkt wordt met een seizoensgebonden kaart.",https://www.debuik.nl/amsterdam/restaurant/lars
"Aan de Mauritskade vind je Dappertutto, waar je de bijzondere combinatie van Italiaans en Braziliaans kunt leren kennen.",https://www.debuik.nl/amsterdam/restaurant/dappertutto
"Aan de Middenweg vind je Roef, lekker voor de buurt met veel uit de buurt, zoals uit eigen tuin of zelf ingemaakt.",https://www.debuik.nl/amsterdam/restaurant/roef
Aan de Nieuwe Spiegelstraat vind je de hamburgers van Lombardo's. Een must-eat voor elke burgerliefhebber.,https://www.debuik.nl/amsterdam/restaurant/lombardo-s
Aan de Poel,https://www.debuik.nl/amsterdam/restaurant/aan-de-poel
"Aan de Van Woustraat is Kim Chi Wow gevestigd, te herkennen aan de knalroze deuren. Je kunt er aanschuiven voor bibimbaps en kimchi; een stukje Korea in De Pijp.",https://www.debuik.nl/amsterdam/restaurant/kim-chi-wow
"Aan de altijd drukke Jan van Galenstraat, opende Anna Meyer haar eigen eetcafe, met een sfeervolle inrichting en eindelijk eens geen gerechten om te delen.",https://www.debuik.nl/amsterdam/restaurant/eetcaf-edita
Aan het Damrak zit hotel-restaurant De Roode Leeuw. Hier wordt gekookt met lokale producten en volgens de dutch cuisine.,https://www.debuik.nl/amsterdam/restaurant/de-roode-leeuw
Aan het park bij Artis vind je café en restaurant De Plantage. Heel de dag kan je hier binnen en buiten op het terras genieten van de mediterrane keuken.,https://www.debuik.nl/amsterdam/restaurant/de-plantage
"Afreizen naar Schiphol hoeft niet alleen meer voor verre reizen, echt lokaal eten, Aziatisch en grill gerechten bestellen kan er ook, bij The Bowery.",https://www.debuik.nl/amsterdam/restaurant/the-bowery
Akitsu,https://www.debuik.nl/amsterdam/restaurant/akitsu
Al 25 jaar een Thai’s instituut op de Zeedijk en het grote zusje van de Thaise snackbar aan de overkant met een uitgebreide kaart met alle klassiekers.,https://www.debuik.nl/amsterdam/restaurant/bird
Al 30 jaar vind je Roberto's in het Hilton hotel in Zuid. Een chique plek voor de traditionele Italiaanse keuken.,https://www.debuik.nl/amsterdam/restaurant/roberto-s
"Al meer dan 30 jaar is Krua Thai, van chefkok Prasan Jearatum, de plek in Amsterdam voor de originele klassieke Thaise keuken.",https://www.debuik.nl/amsterdam/restaurant/krua-thai
Alba Amsterdam,https://www.debuik.nl/amsterdam/restaurant/alba-amsterdam
Alles draait om nacho's bij Parakeet. Voor cocktails met tequilla ben je hier ook aan het juiste adres.,https://www.debuik.nl/amsterdam/restaurant/parakeet-nacho-restaurant
Aloha Amsterdam,https://www.debuik.nl/amsterdam/restaurant/aloha
"Aloha heeft is een leuke binnenuitje met bowlen, midgetgolfen en lasergamen met simpele happen en cocktails in Hawaiiaanse sferen.",https://www.debuik.nl/amsterdam/restaurant/aloha
Als echte Nomaden reist Nomads langs verschillende keukens in de wereld. Elk half jaar wisselen zij van thema en laten ze je kennis maken met weer een totaal andere keuken.,https://www.debuik.nl/amsterdam/restaurant/nomads
Als lobby van Hotel V uitgegroeid tot één van fijnste restaurants en bars van het centrum. Op het Nes is The Lobby een restaurant en bar in de sfeer van een gastropub.,https://www.debuik.nl/amsterdam/restaurant/the-lobby-nesplein
Ami is een sfeervolle bistro en bar in De Pijp met een Franse keuken. Kom hier van lunch tot late night en geniet van goede wijnen en Franse klassiekers.,https://www.debuik.nl/amsterdam/restaurant/ami-cafe-manger
Amra,https://www.debuik.nl/amsterdam/restaurant/amra
"Amra is een charmant restaurantje in de Jordaan, waar je Georgische dumplings eet volgens traditie, frisse wijnen ontdekt en warme gastvrijheid voelt.",https://www.debuik.nl/amsterdam/restaurant/amra
Amstel Boathouse,https://www.debuik.nl/amsterdam/restaurant/amstel-boathouse
Amstelhaven,https://www.debuik.nl/amsterdam/restaurant/amstelhaven
"Amstelhaven begint zich aan de Maurtiskade, met een mooi terras op het water.",https://www.debuik.nl/amsterdam/restaurant/amstelhaven
"Amsterdamse gezelligheid bij JWO in de Jordaan. Je haalt hier rond lunchtijd een broodje, maar je kunt hier ook al het lekkers mee naar huis nemen.",https://www.debuik.nl/amsterdam/restaurant/jwo-lekkernijen
Arca in het Art’otel serveert de moderne Portugese keuken met Aziatische invloeden van de Portugese topchef Henrique Sa Pessoa,https://www.debuik.nl/amsterdam/restaurant/arca
"Arie is een café, bistro, en bar in de Pijp waar je de hele dag kunt aanschuiven voor koffie, lunch, borrel en diner. Kom langs en geniet!",https://www.debuik.nl/amsterdam/restaurant/arie
Arles,https://www.debuik.nl/amsterdam/restaurant/arles
Arles is vernoemd naar de geboorteplaats van de chef. Die moderniseerde de keuken van zijn jeugd en begon deze neo-bistro.,https://www.debuik.nl/amsterdam/restaurant/arles
"Artistieke koffiebar voor hele goede koffie, met ook filter, patisserie, lunch en brunch.",https://www.debuik.nl/amsterdam/restaurant/bar-toki
At Seven,https://www.debuik.nl/amsterdam/restaurant/at-seven
Até at the Dylan,https://www.debuik.nl/amsterdam/restaurant/ate-at-the-dylan
Auberge Cuisine Française,https://www.debuik.nl/amsterdam/restaurant/auberge-jean-marie
Authentiek Indonesisch eten in een modern jasje. Blauw is begonnen in Amsterdam en nu ook een vestiging in Utrecht.,https://www.debuik.nl/amsterdam/restaurant/blauw
"Authentieke Siciliaanse pasta & desserts bij Vicio in Amsterdam. Proef cannoli, cassata & ultieme gastvrijheid!",https://www.debuik.nl/amsterdam/restaurant/vicio-il-mastro-pastaio
BAK,https://www.debuik.nl/amsterdam/restaurant/bak
BARTACK,https://www.debuik.nl/amsterdam/restaurant/bartack
BARTACK is een all-day rustpuntje tegen het Rembrandtpark van ontbijt tot lunch en borrel.,https://www.debuik.nl/amsterdam/restaurant/bartack
BAUT Backstage,https://www.debuik.nl/amsterdam/restaurant/baut-backstage
BAUT Del Sol,https://www.debuik.nl/amsterdam/restaurant/baut-del-sol
BAUT Del Sol op Zeeburgereiland is een zonnig pop-up restaurant aan de jachthaven in Amsterdam. Geniet van mediterrane gerechten en cocktails.,https://www.debuik.nl/amsterdam/restaurant/baut-del-sol
BAUT Oost,https://www.debuik.nl/amsterdam/restaurant/baut-oost
BUFFET van Odette,https://www.debuik.nl/amsterdam/restaurant/buffet-van-odette
Bacalar,https://www.debuik.nl/amsterdam/restaurant/bacalar
Badcuyp,https://www.debuik.nl/amsterdam/restaurant/badcuyp
Badeta,https://www.debuik.nl/amsterdam/restaurant/badeta
Badhuis Amsterdam,https://www.debuik.nl/amsterdam/restaurant/badhuis-amsterdam
"Badhuis, de ontmoetingsplek en het culturele podium van de Indische Buurt, heeft een geweldig terras en fijne happen met aandacht voor vegan, vegetarisch en halal.",https://www.debuik.nl/amsterdam/restaurant/badhuis-amsterdam
Baires,https://www.debuik.nl/amsterdam/restaurant/baires
Bakers & Roasters,https://www.debuik.nl/amsterdam/restaurant/bakers-roasters
Bakkerij Mas,https://www.debuik.nl/amsterdam/restaurant/bakkerij-mas
"Bakkerij Mas biedt naast biologisch desembrood ook lunch met desemtosti’s, focaccia’s en koffie in Watergraafs meer",https://www.debuik.nl/amsterdam/restaurant/bakkerij-mas
Bakkerij Wolf,https://www.debuik.nl/amsterdam/restaurant/wolf-restaurant
Balthazar's Keuken,https://www.debuik.nl/amsterdam/restaurant/balthazar-s-keuken
Bam Boa,https://www.debuik.nl/amsterdam/restaurant/bam-boa
Bar BAUT Zuid,https://www.debuik.nl/amsterdam/restaurant/bar-baut-zuid
Bar Baarsch,https://www.debuik.nl/amsterdam/restaurant/bar-baarsch
"Bar Baarsh is een gezellig restaurant in Amsterdam-West, een echt begrip in de wijk.",https://www.debuik.nl/amsterdam/restaurant/bar-baarsch
Bar Babar,https://www.debuik.nl/amsterdam/restaurant/bar-babar
Bar Bachrach,https://www.debuik.nl/amsterdam/restaurant/bar-bachrach
Bar Baggerbeest,https://www.debuik.nl/amsterdam/restaurant/bar-baggerbeest
Bar Basquiat,https://www.debuik.nl/amsterdam/restaurant/bar-basquiat
"Bar Basquiat in Amsterdam-Oost is rauw, levendig en altijd in beweging. Kom langs voor koffie, lunch, shared dining en borrels – precies zoals het hoort!",https://www.debuik.nl/amsterdam/restaurant/bar-basquiat
Bar Bellini,https://www.debuik.nl/amsterdam/restaurant/bar-bellini
Bar Bistro Bureau,https://www.debuik.nl/amsterdam/restaurant/bar-bistro-bureau
"Bar Bistro Bureau in een oude IBM-fabriek bij Slotervaart: de plek voor lunch, werk, of ontspanning. Een veelzijdige bestemming net buiten Amsterdam.",https://www.debuik.nl/amsterdam/restaurant/bar-bistro-bureau
Bar Bitterbal,https://www.debuik.nl/amsterdam/restaurant/bar-bitterbal
Bar Bonnie,https://www.debuik.nl/amsterdam/restaurant/bar-bonnie
Bar Botanique,https://www.debuik.nl/amsterdam/restaurant/bar-botanique
Bar Bouche,https://www.debuik.nl/amsterdam/restaurant/bar-bouche
"Bar Bouche: Een knusse plek in Amsterdam Oost voor heerlijke wijnen, verrukkelijke hapjes en gezelligheid.",https://www.debuik.nl/amsterdam/restaurant/bar-bouche
Bar Bouwmeester,https://www.debuik.nl/amsterdam/restaurant/bar-bouwmeester
"Bar Bouwmeester is de huiskamer van de buurt waar je elkaar ontmoet en door de weeks ook gewoon je laptop kan openklappen van ontbijt tot lunch of een gezellige borrel in de middag. Kwaliteit staat hier voorop, De Buik is een fan van de Green Monster Sandwich en de huisgemaakte soep.",https://www.debuik.nl/amsterdam/restaurant/bar-bouwmeester
Bar Brasserie HAUT,https://www.debuik.nl/amsterdam/restaurant/bar-brasserie-haut
Bar Brasserie OCCO,https://www.debuik.nl/amsterdam/restaurant/bar-brasserie-occo
Bar Brasserie OCCO is gelegen in The Dylan. Hier kun je van 's ochtends vroeg tot 's avonds laat aanschuiven voor heerlijke gerechten.,https://www.debuik.nl/amsterdam/restaurant/bar-brasserie-occo
Bar Bukowski,https://www.debuik.nl/amsterdam/restaurant/bar-bukowski
Bar Bukowski is sinds 2013 een begrip in Amsterdam-Oost. Start de dag goed met een heerlijk ontbijt of ga er met een groep borrelen.,https://www.debuik.nl/amsterdam/restaurant/bar-bukowski
Bar Centraal,https://www.debuik.nl/amsterdam/restaurant/bar-centraal
Bar Chimi,https://www.debuik.nl/amsterdam/restaurant/bar-chimi
"Bar Chimi in nachtclub Oliva is een sfeervol pop-up restaurant met shared dining, bijpassende wijnen en livemuziek elke donderdag, vrijdag en zaterdag.",https://www.debuik.nl/amsterdam/restaurant/bar-chimi
Bar Hendrik,https://www.debuik.nl/amsterdam/restaurant/bar-hendrik
Bar Hout,https://www.debuik.nl/amsterdam/restaurant/bar-hout
Bar Jules,https://www.debuik.nl/amsterdam/restaurant/bar-jules
"Bar Jules aan het gezellige Valeriusplein is elke dag al vroeg geopend, maar is zeker ook een fijne plek om tot lekker laat te diner of te borrelen.",https://www.debuik.nl/amsterdam/restaurant/bar-jules
Bar Kantoor,https://www.debuik.nl/amsterdam/restaurant/bar-kantoor
Bar Kartel - little kitchen,https://www.debuik.nl/amsterdam/restaurant/bar-kartel-little-kitchen
Bar Kaspar,https://www.debuik.nl/amsterdam/restaurant/bar-kaspar
Bar Lempicka,https://www.debuik.nl/amsterdam/restaurant/bar-lempicka
Bar Lusconi Cucina Italiana,https://www.debuik.nl/amsterdam/restaurant/bar-lusconi-cucina-italiana
Bar Maeve,https://www.debuik.nl/amsterdam/restaurant/bar-maeve
Bar Mash,https://www.debuik.nl/amsterdam/restaurant/bar-mash
Bar Mash is een gezellig bar op het drukke Gerard Douplein in de Pijp.,https://www.debuik.nl/amsterdam/restaurant/bar-mash
Bar Mokum,https://www.debuik.nl/amsterdam/restaurant/bar-mokum
Bar Mokum is een oldschool cocktailbar die een ode brengt naar de stad Amsterdam.,https://www.debuik.nl/amsterdam/restaurant/bar-mokum
Bar Parry,https://www.debuik.nl/amsterdam/restaurant/bar-parry
Bar Parry is een wijncafé en is sinds september 2018 geopend op de Looiers Dwarsstraat. Het is het jonge broertje van restaurant Balthazar's keuken.,https://www.debuik.nl/amsterdam/restaurant/bar-parry
Bar Restaurant LELY,https://www.debuik.nl/amsterdam/restaurant/bar-restaurant-lely
Bar Restaurant Van de Werf,https://www.debuik.nl/amsterdam/restaurant/bar-restaurant-van-de-werf
Bar Rouge,https://www.debuik.nl/amsterdam/restaurant/bar-rouge
Bar Strangelove,https://www.debuik.nl/amsterdam/restaurant/strangelove-in-lab111
Bar Turbo,https://www.debuik.nl/amsterdam/restaurant/bar-turbo
"Bar Turbo in Oost is het zusje van de Tros, maar dan de hele dag geopend, met koffie, patisserie, lunch en een puike drankenkaart met bijpassende bites.",https://www.debuik.nl/amsterdam/restaurant/bar-turbo
Bar U.Y.T.,https://www.debuik.nl/amsterdam/restaurant/bar-u-y-t
Bar du Champagne,https://www.debuik.nl/amsterdam/restaurant/bar-du-champagne
Barbounia,https://www.debuik.nl/amsterdam/restaurant/barbounia
Baretto,https://www.debuik.nl/amsterdam/restaurant/baretto
Barossa,https://www.debuik.nl/amsterdam/restaurant/barossa
Barracuda,https://www.debuik.nl/amsterdam/restaurant/barracuda
Barrica Food & Wine Bar,https://www.debuik.nl/amsterdam/restaurant/barrica
"Barrica is een sfeervol buurtcafe met een uitgebreide wijnkaart en natuurlijk charcuterie, kazen maar ook leuke gerechtjes om te delen.",https://www.debuik.nl/amsterdam/restaurant/barrica
Barstro Prins & Aap,https://www.debuik.nl/amsterdam/restaurant/barstro-prins-aap
Bartje Boemboe,https://www.debuik.nl/amsterdam/restaurant/bartje-boemboe
Batoni Khinkali,https://www.debuik.nl/amsterdam/restaurant/batoni-khinkali
"Beeld, muziek en smaken komen samen tijdens een avond Bellezza.",https://www.debuik.nl/amsterdam/restaurant/bellezza
"Beleef Omakase Amsterdam: chef’s menu, maandelijkse tonijnparty & vinyl vibes met sake aan de bar. Uniek Japans genieten!",https://www.debuik.nl/amsterdam/restaurant/omakase-amsterdam
Bella Storia,https://www.debuik.nl/amsterdam/restaurant/bella-storia
"Bella Storia zit verscholen in de Staadsliedenbuurt en bestaat uit drie delen: de trattoria, de pizzaria en de alimentari. Oftewel het restaurant, de pizzeria en een winkel.",https://www.debuik.nl/amsterdam/restaurant/bella-storia
Bellezza,https://www.debuik.nl/amsterdam/restaurant/bellezza
Belly Of The Beast is de nieuwste cocktailbar van Tess Posthumus en Timo Janse in Amsterdam. Waan je diep in de zee met maritiem geïnspireerde cocktails en bites.,https://www.debuik.nl/amsterdam/restaurant/belly-of-the-beast
Belly Pepper,https://www.debuik.nl/amsterdam/restaurant/belly-pepper
Belly of the Beast,https://www.debuik.nl/amsterdam/restaurant/belly-of-the-beast
Bennie's Restaurant,https://www.debuik.nl/amsterdam/restaurant/bennie-s-cafe-restaurant
Bennies Restaurant van Rick Swinkels samen met twee vrienden zit in het Schinkeldistrict. Met moderne gerechten in een doorlopende lunch en diner service.,https://www.debuik.nl/amsterdam/restaurant/bennie-s-cafe-restaurant
Beulings,https://www.debuik.nl/amsterdam/restaurant/beulings
Beyrouth,https://www.debuik.nl/amsterdam/restaurant/beyrouth
Bhatti Pasal Klinkers,https://www.debuik.nl/amsterdam/restaurant/bhatti-pasal-klinkers
Bhatti Pasal in de Kerkstraat kookt volgens de authentieke Nepalese keuken in een bijna fine-dining omgeving met de prijzen van een toko.,https://www.debuik.nl/amsterdam/restaurant/bhatti-pasal-klinkers
Bij (bijna) iedereen komt zo nu en dan wel eens de carnivoor in jezelf naar boven. Voor die momenten zit je bij Café Carbon op de goede plek.,https://www.debuik.nl/amsterdam/restaurant/caf-carbon
"Bij A Beautiful Mess kun je terecht voor Midden-Oosterse verrassingen, zoals cocktails, streetfood en huisgemaakt platbrood.",https://www.debuik.nl/amsterdam/restaurant/a-beautiful-mess
Bij Akitsu kom je voor de authentieke Japanse keuken en de mooie selecties sake’s en wijnen.,https://www.debuik.nl/amsterdam/restaurant/akitsu
Bij Badeta heb je altijd keuze uit verschillende koffies en geven ze je altijd een kaartje erbij om te elzen over de herkomst en smaak van de koffieboon.,https://www.debuik.nl/amsterdam/restaurant/badeta
Bij Bak staat lokaal en seizoensgebonden voorop waarbij een ruime selectie (natuur)wijnen en sappen wordt geboden.,https://www.debuik.nl/amsterdam/restaurant/bak
Bij Bar Bachrach eet je samen wat kleinere gerechten die je a-la-carte bestelt of je gaat voor het chef’s menu. Met een Midden-Oosten touch maar ook Mediterrane invloeden.,https://www.debuik.nl/amsterdam/restaurant/bar-bachrach
Bij Bar Barbar drink je natuurwijnen in combinatie met hapjes van Amsterdamse speciaalzaken.,https://www.debuik.nl/amsterdam/restaurant/bar-babar
Bij Bar Bellini aan de Ferdinand Bol zijn de kaart en inrichting fris Italiaans en de verwachting is dat het hier zeven dagen per week gezellig is.,https://www.debuik.nl/amsterdam/restaurant/bar-bellini
"Bij Bar Hout aan het Houthavenpark kun je ontbijten, lunchen, dineren of een borrel drinken. Ook zullen er maandelijks activiteiten georganiseerd worden.",https://www.debuik.nl/amsterdam/restaurant/bar-hout
Bij Bar Kartel op de Overtoom eet je zoals op foodfestivals. Later op de avond worden de tafels ingeklapt en kan er een dansje gewaagd worden.,https://www.debuik.nl/amsterdam/restaurant/bar-kartel-little-kitchen
Bij Bar Kaspar kun je genieten in warme sferen van een internationale keuken.,https://www.debuik.nl/amsterdam/restaurant/bar-kaspar
"Bij Bar Lempicka kun je ontbijten, lunchen, dineren en borrelen. Geniet van de Frans-Europese keuken.",https://www.debuik.nl/amsterdam/restaurant/bar-lempicka
Bij Bar Lusconi eet je in een gezellige rode sfeer de Italiaanse keuken van antipasti tot pasta en pizza uit de knalrode houtoven.,https://www.debuik.nl/amsterdam/restaurant/bar-lusconi-cucina-italiana
"Bij Bar Rouge aan de Singel in Amsterdam waan je je in klein Parijs, met Aziatische gerechtjes en een Moulin Rouge-achtig decor.",https://www.debuik.nl/amsterdam/restaurant/bar-rouge
Bij Barossa eet en drink je met zicht op ’t IJ door de hoge ramen. De wijnkaart is Europees en de menukaart is klein maar fijn.,https://www.debuik.nl/amsterdam/restaurant/barossa
Bij Barracuda eet je vis alsof je aan het strand bent in Italië in een industriële setting en met een mega terras voor de deur.,https://www.debuik.nl/amsterdam/restaurant/barracuda
"Bij Bartje Boemboe kan je verse boemboe mixen kopen, een bordje Indisch eten afhalen en meedoen met heerlijke aanschuiftafels.",https://www.debuik.nl/amsterdam/restaurant/bartje-boemboe
"Bij Belly Pepper serveren ze een Turks getinte brunch of lunch met klassieke twist in een gezellige, haast ‘eetcafé’-achtige omgeving.",https://www.debuik.nl/amsterdam/restaurant/belly-pepper
Bij Boi Boi komen de smaken van Thailand en Laos samen in een knus pandje met fijne Aziatische smaken.,https://www.debuik.nl/amsterdam/restaurant/boi-boi
"Bij Bon Burger Bar vind je rijke burgers, mooie wijnen en een relaxte sfeer. Perfect voor een luie zaterdagmiddag of een goede hap na een borrel.",https://www.debuik.nl/amsterdam/restaurant/bon-burger-bar
Bij Bonnie eet je het beste kippetje van de Fam Goudvisch in een gezellige 'bruine kroeg 2.0’ omgeving. Hier kun je van ontbijt tot in de avond terecht.,https://www.debuik.nl/amsterdam/restaurant/bar-bonnie
"Bij Bullewijck, op 10 min van de Johan Cruijff Arena, geniet je van bourgondische gerechten. Ook voor take-away en besloten borrels!",https://www.debuik.nl/amsterdam/restaurant/bullewijck
"Bij Bussia eet je Italiaans, van antipasti tot secondi of wip je naar binnen voor een verse, eigengemaakte zuurdesem sandwich of een amandelcroissant.",https://www.debuik.nl/amsterdam/restaurant/bussia
Bij Café Jakarta eet je gerechten met Indonesische heritage waar vroeger de schepen naar Java vertrokken. Hier zit je eerste rang voor uitzicht op ’t IJ.,https://www.debuik.nl/amsterdam/restaurant/cafe-jakarta
Bij Café Wu kookt Timo de Beurs een traditionele Chinese keuken met een Franse interpretatie en technieken waarbij wijn en vinyl een belangrijke rol spelen.,https://www.debuik.nl/amsterdam/restaurant/cafe-wu
"Bij Camarat serveren ze gerechten om te delen, bijzonder mooi opgemaakt met een streetfood twist.'s Avonds neemt de dj de zaak over en kun je uit je dak gaan.",https://www.debuik.nl/amsterdam/restaurant/camarat
Bij Capetown Socialclub (CTSC) staan elegante gerechten op de kaart met een Zuid-Afrikaans/Internationale touch.,https://www.debuik.nl/amsterdam/restaurant/capetown-social-club
Bij Carroll’s op de NDSM-werf serveren ze cocktails en Oklahoma-stijl smashburgers,https://www.debuik.nl/amsterdam/restaurant/carroll-s
"Bij Club Birdies aan de Pilotenstraat kan je stijlvol dineren en borrelen in clubhuis-sfeer, met indoor golf en een uitgebreide wijnkaart.",https://www.debuik.nl/amsterdam/restaurant/birdies
"Bij Copal, voorheen Colima, eet je de creatieve gerechten uit Mexico met een net zo spannend bijpassend cocktailmenu met als basis mezcal en tequila.",https://www.debuik.nl/amsterdam/restaurant/colima
Bij Cucina Casalinga proef je in een sfeervolle huiskamer setting de keuken van Zuid-Italie.,https://www.debuik.nl/amsterdam/restaurant/cucina-casalinga
"Bij De Nada in Amsterdam vind je natuurwijn en vinyl. Relax met goede muziek, bites en een unieke sfeer. Perfect voor een gezellige avond uit.",https://www.debuik.nl/amsterdam/restaurant/de-nada
Bij De Neef van Fred ben je zo goed als heel de dag welkom om iets lekkers te eten of drinken. Zowel binnen in het warme interieur of buiten op het terras.,https://www.debuik.nl/amsterdam/restaurant/de-neef-van-fred
Bij Demetra in het centrum van Amsterdam geloven ze in de ervaring van een echte Italiaanse keuken en maken ze alle pasta's en pizza's 'from scratch'.,https://www.debuik.nl/amsterdam/restaurant/demetra
Bij Dona serveert de gastronomische heritage van Portugal in een fijne ambiance met terras voor de deur.,https://www.debuik.nl/amsterdam/restaurant/restaurante-dona
Bij Esh eet je Israëlische streetfood op zijn best. Alles wordt zelf gemaakt van de hummus tot de pitabroodjes toe.,https://www.debuik.nl/amsterdam/restaurant/esh-pitaria-bar
"Bij Europa in noord kies je aan de bar voor het degustatiemenu met een fijne drankenkaart van spannende bieren, ciders, (natuur)wijnen en andere dranken.",https://www.debuik.nl/amsterdam/restaurant/europa
Bij Fiko draait het allemaal om de authentieke Italiaanse keuken. Niet alleen de standaard pizza's en pasta's waar je misschien aan denkt bij de Italiaanse keuken maar veel meer dan dat.,https://www.debuik.nl/amsterdam/restaurant/fiko
"Bij Flore, met in de keuken chef Bas van Kranen, staat duurzaam en elegant koken zonder zuivel centraal.",https://www.debuik.nl/amsterdam/restaurant/flore
"Bij Fred's Kitchen in Amsterdam-Noord worden hemelse sushi, Aziatische streetfood geserveerd en er is ook een uitgebreide cocktailkaart.",https://www.debuik.nl/amsterdam/restaurant/fred-s-kitchen
"Bij Garage Noord kom je niet alleen voor de feestjes, maar ook voor het eten. De kaart is klein, maar fijn en verrassend lekker.",https://www.debuik.nl/amsterdam/restaurant/garage-noord
Bij Gartine maken ze met de ingrediënten uit hun eigen moestuin de lekkerste ontbijt- en lunchgerechten.,https://www.debuik.nl/amsterdam/restaurant/gartine
Bij Gebrouwen door Vrouwen heb je keuze uit twaalf verschillende biertjes van de tap en duurzame gerechten.,https://www.debuik.nl/amsterdam/restaurant/gebrouwen-door-vrouwen-bar
"Bij Hans im Glück, op een geweldige locatie met terras aan het Rembrandtplein, kun je genieten van verse, ambachtelijke burgers en mooie cocktails",https://www.debuik.nl/amsterdam/restaurant/hans-im-gluck
Bij Hendrix schuif je aan van laat ontbijt tot een laat diner en borrel.,https://www.debuik.nl/amsterdam/restaurant/hendrix
"Bij Hotel de Goudfazant zit je in een oude garage op rode plastic stoeltjes, maar laat je niet misleiden, want je eet er ontzettend goed voor een schappelijke prijs.",https://www.debuik.nl/amsterdam/restaurant/hotel-de-goudfazant
Bij Indiaas restaurant Rasoi in de Rivierenbuurt in Amsterdam eet je originele gerechten en heerlijke curries uit alle delen van India.,https://www.debuik.nl/amsterdam/restaurant/rasoi
Bij Jacob op de hoek van de Bilderdijkstraat en Jacob van Lennepkade kun je de hele dag tot ‘s avonds laat terecht voor een hapje en drankje.,https://www.debuik.nl/amsterdam/restaurant/jacob-restobar
"Bij Jinja maak je een reis door de keukens van Azië, met chef Mark Jagtenberg. Hier ervaar je het hele continent van gyoza tot garnalen van de Konro.",https://www.debuik.nl/amsterdam/restaurant/jinja
"Bij KAIA eet je de moderne Griekse Keuken in een ‘Mykonos’ sfeer. Hier geen souvlaki of gyros, maar mooi opgemaakte en gebalanceerde gerechten.",https://www.debuik.nl/amsterdam/restaurant/kaia
"Bij Krusta eet je heerlijke pizza, pasta en desserts voor een toegankelijke prijs in een cocktailbar omgeving waar de smaken uit Italië, Spanje en Griekenland samenkomen.",https://www.debuik.nl/amsterdam/restaurant/krusta
Bij Le Grand George waan je jezelf in New Yorkse sferen aan de Zuidas. Het eten is typisch bistro-stijl: een smakelijke maaltijd zonder poespas.,https://www.debuik.nl/amsterdam/restaurant/le-grand-george
"Bij Limau Chen smelten Chinese en Italiaanse smaken samen in verrassende gerechten, met natuurwijn en huisgemaakte frisdrank in oud Little Collins West.",https://www.debuik.nl/amsterdam/restaurant/silk
Bij Lova voel je de liefde voor het koken en proef je de Braziliaanse roots van de eigenaresse Nathalia. Perfect lunch en brunch plek in een jaren’50/60 huiskamer setting.,https://www.debuik.nl/amsterdam/restaurant/lova
Bij Lucius eet je vis zoals vis bedoeld is: van een oversized tong tot een fijn plateau fruits de mer en krijg je nog de ouderwetse service in een gezellige setting.,https://www.debuik.nl/amsterdam/restaurant/lucius-visrestaurant
"Bij LuminAir, op het dakterras van Double Tree by Hilton Amsterdam Centraal, kun je terecht voor hoogstaande mixologie en bar bites: ’the bar above Amsterdam’",https://www.debuik.nl/amsterdam/restaurant/luminair
"Bij MR PORTER kun je genieten van het uitzicht op het dakterras. Je kunt er terecht voor het ontbijt, de lunch, diner of om te borrelen.",https://www.debuik.nl/amsterdam/restaurant/mr-porter
"Bij Madame Croissant hebben ze alles waar je naar verlangt. De Franse croissants met een twist heb je in genoeg varianten, van zoet tot hartig.",https://www.debuik.nl/amsterdam/restaurant/madame-croissant
Bij Market 33 vind je verschillende foodstands waar je verschillende gerechtjes kunt eten na een dag hard werken.Eet hier gerechten uit alle windstreken.,https://www.debuik.nl/amsterdam/restaurant/market-33
Bij Miri Mary eet je modern Indiaas in een gezellige setting in een moderne tapas stijl.,https://www.debuik.nl/amsterdam/restaurant/miri-mary
"Bij Miuz aan de Overtoom haal je top ijs, zijdezacht op Italiaanse wijze. Ze maken ook stecchi: schepijs op een stokje met chocola eromheen.",https://www.debuik.nl/amsterdam/restaurant/miuz
Bij Mondi in het recent door Piet Boon gerenoveerde The College Hotel kookt chef Joost Niessen een Caribische Zuid-Amerikaanse fusion stijl.,https://www.debuik.nl/amsterdam/restaurant/mondi
"Bij Mooie Boules kun je de hele avond gezellig borrelen, heerlijk eten en jeu de boules spelen.",https://www.debuik.nl/amsterdam/restaurant/mooie-boules-amsterdam
"Bij Mr.Meat kom je voor een echt goed stuk vlees. Pure smaken en traditionele bereidingswijzen staan centraal, maar ook de Turkse roots van de chef zijn terug te proeven.",https://www.debuik.nl/amsterdam/restaurant/mr-meat-steakhouse
"Bij Ms Chelin, een knipoog naar de rode culinaire gids, gaan ze niet voor de ster maar voor simpel, betaalbaar en lekker eten.",https://www.debuik.nl/amsterdam/restaurant/ms-chelin
Bij NENI keuken eet je de Oost-Mediterrane keuken in de vorm van shared dining in de fijne en bijzondere sfeer van de oude Citroën-garage aan het Stadionplein. De hummus van NENI mag je echt niet missen.,https://www.debuik.nl/amsterdam/restaurant/neni-amsterdam
Bij Nando Italian Bistro (voorheen Westervilla) lunch of diner je in Italiaanse stijl in de serre of bij mooi weer op het ruime terras.,https://www.debuik.nl/amsterdam/restaurant/westervilla
Bij Neuf eet je klassiek Frans gecombineerd met mooie wijnkaart met veel wijnen van de buurman Chabrol.,https://www.debuik.nl/amsterdam/restaurant/bistro-neuf
Bij Oaxaca serveert chef Joan Bagur de traditionele Mexicaanse keuken in de fantastische setting van het smaakvol verbouwde historische pand aan het Spui.,https://www.debuik.nl/amsterdam/restaurant/oaxaca
Bij Oeuf draait alles om ei. In elk gerecht kom je het ingrediënt tegen.,https://www.debuik.nl/amsterdam/restaurant/oeuf
Bij Olidò van het Italiaanse duo Enrico en Tommaso eet je antipasti en pizza’s uit de echte houtoven met veel aandacht voor biologische en echte slow food ingrediënten en drink je natuurlijke wijn uit Enrico’s eigen import,https://www.debuik.nl/amsterdam/restaurant/olid
Bij Oma Ietje kun je genieten van comfort food in een huiskamersfeer.,https://www.debuik.nl/amsterdam/restaurant/oma-ietje
Bij Ons Huis kun je genieten van Hollandse tradities van hoge kwaliteit.,https://www.debuik.nl/amsterdam/restaurant/ons-huis
"Bij Otemba Gyoza op de Van Woustraat is iedereen welkom. Voor gyoza's, maar ook lekkere drankjes en andere Aziatische bites kun je hier terecht.",https://www.debuik.nl/amsterdam/restaurant/otemba-gyoza
"Bij PARK Café-Restaurant midden in het Oosterpark, staan ontmoetingen centraal. In hun sfeervolle zaak en zonnig terras ben je heel de dag welkom.",https://www.debuik.nl/amsterdam/restaurant/park-caf-restaurant
"Bij Papa Thang in Noord eet je vooral Vietnamese straatgerechten als pho, bahn xeo en gelakte vietnamese ribbertjes.",https://www.debuik.nl/amsterdam/restaurant/papa-thang
Bij Parallel op de Overtoom eet je geen standaard Spaanse tapas. De eigenaren Roel en Imre expirimenteren graag zoals vloeibare sherry rozijn.,https://www.debuik.nl/amsterdam/restaurant/parallel
"Bij Pllek in Amsterdam-Noord heb je echt het gevoel even de stad uit te zijn. Met een groot en gezellig terras en een knus restaurant, zit je hier sowieso goed.",https://www.debuik.nl/amsterdam/restaurant/pllek
"Bij Polly kun je vanaf de pond aan de Buiksloterweg zo aanschuiven aan de bar of op het terras. Het is de perfecte locatie voor de borrel, lunch of diner.",https://www.debuik.nl/amsterdam/restaurant/polly-goudvisch
"Bij Pompstation aan de Zeeburgerdijk dineer je onder het genot van live muziek. Van steak tartare tot vegetarische gerechten, alles is hier mogelijk.",https://www.debuik.nl/amsterdam/restaurant/pompstation
Bij Portugália Tasca eet je authentieke gerechten in een fijne Portugese sfeer met wit-blauwe azulejos aan de muur en hammen achter de bar.,https://www.debuik.nl/amsterdam/restaurant/portugalia-tasca
Bij Proeflokaal Arendsnest aan de herengracht serveren ze alleen Nederlands speciaalbier.,https://www.debuik.nl/amsterdam/restaurant/proeflokaal-arendsnest
"Bij Rain Bowls eet je gezonde, plantaardige maaltijden met een vrolijk kleurtje. Zo heb je keuze uit verschillende soorten smoothiebowls of rainbow latte's.",https://www.debuik.nl/amsterdam/restaurant/rain-bowls
"Bij Renato's Pizzeria in De Pijp eet je Italiaanse pizza's van wereldklasse. Mocht er geen plek zijn in dit kleine zaakje, dan kun je je pizza afhalen.",https://www.debuik.nl/amsterdam/restaurant/renato-s-pizzeria
Bij Renato’s draaien ze niet alleen elke dag de pasta vers maar maken ook dagelijks een klassieke tiramisu. Dit is een Osteria zoals je in Italie ziet. Goed simpel Italiaans eten met een lekker glas wijn.,https://www.debuik.nl/amsterdam/restaurant/renato-s-osteria
"Bij Restaurant Hendrik kun je terecht voor ambachtelijk gebakken pannenkoeken maar ook voor een tosti, stevige borrel of een klassiek bistrogerecht.",https://www.debuik.nl/amsterdam/restaurant/restaurant-hendrik
Bij Riot Restobar staat de aardappel in al zijn vormen en soorten centraal in een sfeervolle restobar setting.,https://www.debuik.nl/amsterdam/restaurant/riot-restobar
"Bij SAAM, een samentrekking van South Africa en Amstel, geniet je van gerechten van lokale Nederlandse producten met een Zuid-Afrikaanse touch.",https://www.debuik.nl/amsterdam/restaurant/saam
Bij Sababa kun je aanschuiven voor Israëlische streetfood gecombineerd met oer-Hollandse groenten.,https://www.debuik.nl/amsterdam/restaurant/sababa
Bij Satchmo kun je genieten van culinaire gerechten en cocktails in hartje Amsterdam.,https://www.debuik.nl/amsterdam/restaurant/satchmo
"Bij Schuurmanoomkensgrassotti aan de Overtoom kun je genieten van ontbijt, lunch en brunch en hebben ze hun eigen koffie.",https://www.debuik.nl/amsterdam/restaurant/schuurmanoomkensgrassotti
Bij Sebastian geniet je van de Italiaanse klassiekers aangevuld met een kleine maar fijne pizza selectie in een comfortabele setting.,https://www.debuik.nl/amsterdam/restaurant/sebastian
"Bij Sir Pita kom je natuurlijk voor de hummus en het versgebakken pitabrood. De hummus komt van de hand van echte Israëliërs, die 'm elke dag vers bereiden.",https://www.debuik.nl/amsterdam/restaurant/sir-hummus
"Bij Soju Bar kan je terecht voor krokante Korean Fried Chicken, Soju en andere Koreaanse gerechten.",https://www.debuik.nl/amsterdam/restaurant/soju-bar
"Bij Spaghetteria komt vrijwel alles wat je eet rechtstreeks uit Italië. Je zit in principe bij alle vestigingen goed, maar in het origineel moet je een keer geweest zijn.",https://www.debuik.nl/amsterdam/restaurant/spaghetteria
"Bij Tap Zuid hebben ze niet alleen ontzettend veel bieren op de tap maar ze serveren ook een klassiek biercafe menu. Met veel burgers, flammkuchen en barbites.",https://www.debuik.nl/amsterdam/restaurant/tap-zuid
Bij Tent 6 in Zandvoort is de koffie van het Amsterdamse White Label en de menukaart Mediterraans georiënteerd en veel is biologisch en zelf gemaakt.,https://www.debuik.nl/amsterdam/restaurant/tent-6
"Bij Testamatta eet je de creatieve klassiekers van de Italiaanse plattelandskeuken met aandacht voor de seizoenen en een geweldige, betaalbare wijnkaart.",https://www.debuik.nl/amsterdam/restaurant/testamatta
Bij Thaicoon aan het Beukenplein in Amsterdam worden dagelijks verse ingrediënten en kruiden aangeleverd en verwerkt in authentieke Thaise gerechten.,https://www.debuik.nl/amsterdam/restaurant/thaicoon
"Bij The Cottage serveert van ochtend tot avond Brits comfortfood in een gezellige levendige setting met een leuk terras. Van een Engels ontbijt tot scones, pie’s, ciders tot zelfs een echte sunday roast.",https://www.debuik.nl/amsterdam/restaurant/the-cottage
"Bij The Lebanese Sajeria eet je Manoushe, een gevuld Libanees flatbread.",https://www.debuik.nl/amsterdam/restaurant/the-lebanese-sajeria
"Bij The Pizza Vagabond op de Czaar Peterstraat terecht voor een geweldige gerechten volgens familiereceptuur, gemaakt met 100% Italiaanse ingrediënten.",https://www.debuik.nl/amsterdam/restaurant/the-pizza-vagabond
Bij The Sandwich Bar eet je 'gewoon' een lekker broodje.,https://www.debuik.nl/amsterdam/restaurant/the-sandwich-bar
Bij The Traveller maak je een wereldreis met je smaakzintuigen zonder het vliegtuig te pakken.,https://www.debuik.nl/amsterdam/restaurant/the-traveller
"Bij Toet kun je de gulle smaken van chef Raymond Plat eten met een mediterrane invloed, in een prachtig ingericht hoekpand aan het Europaplein.",https://www.debuik.nl/amsterdam/restaurant/restaurant-toet
Bij V12 eet je het innovatieve chefs menu of je kiest uit de uitgebreide kaart met heel betaalbare gerechtjes met wereldse invloeden.,https://www.debuik.nl/amsterdam/restaurant/cafe-restobar-v12
Bij Verlan eet je creatieve Franse gerechten met een internationale twist in een warme cosmopolitische setting of doe je een glas wijn of cocktail aan de bar met een gerechtje van de barbytes kaart,https://www.debuik.nl/amsterdam/restaurant/caf-restaurant-verlan
"Bij Vermeer kookt chef Baquero Garces met focus op reductie en pure smaken. Dutch Cuisine, farm-to-table en wijnen uit magnums staan centraal.",https://www.debuik.nl/amsterdam/restaurant/restaurant-vermeer
"Bij Visque draait alles om vis, oesters, langoustines, krabben en zeekraal, de gerechten worden vergezeld door bijpassende wijnen en bubbels.",https://www.debuik.nl/amsterdam/restaurant/restaurant-visque
"Bij WOW CRAB een je seafood boils die direct op je tafel geserveerd worden. Krab, kreeft, mosselen, garnalen; het is er allemaal",https://www.debuik.nl/amsterdam/restaurant/wow-crab
Bij Warna Baru eet je de klassieke Indonesische keuken op de tapas manier in een moderne setting met een kleine selectie van natuurwijnen.,https://www.debuik.nl/amsterdam/restaurant/warna-baru
Bij Wijnbar Vindict staat het glas in de hoofdrol. Laat je inspireren en adviseren voor de beste wijn en bijpassend gerechtje.,https://www.debuik.nl/amsterdam/restaurant/wijnbar-vindict
"Bij Wils Bakery Cafe stap je net zo makkelijk binnen voor een brood, patisserie als voor een verzorgde lunch of diner.",https://www.debuik.nl/amsterdam/restaurant/wils-bakery-cafe
Bij Yamazato ervaar je de Japanse keuken op sterrenniveau. In een typische Japanse sfeer eet je de verfijnde gerechten van Masanori Tomikawa.,https://www.debuik.nl/amsterdam/restaurant/yamazato
"Bij alba word je verrast door goed comfort food, met veel gebruik van groenten in een minimalistische, maar knusse zaak. En natuurlijk: natuurwijnen!",https://www.debuik.nl/amsterdam/restaurant/alba-amsterdam
"Bij bakkerij Saint-Jean haal je patisserie en (specialty)koffie. De pistache cruffin is hier trending, maar voor een normale croissant zit je hier ook goed.",https://www.debuik.nl/amsterdam/restaurant/saint-jean
"Bij char.d van Dean Beker en Slava Nazaryan aan de Utrechtsestraat wordt alles bereid in de Kopa, de gesloten grill die werkt als BBQ, smoker en slow cooker.",https://www.debuik.nl/amsterdam/restaurant/char-d
"Bij d&a hummus bistro maken ze geen onderscheid tussen lunch, borrel en diner. Je kan er de hele dag door terecht voor natuurlijk hummus, maar ook voor vele andere lekkernijen uit het Midden-Oosten.",https://www.debuik.nl/amsterdam/restaurant/hummus-bistro-d-a
"Bij de Deli van Toscanini kun je terecht om even een koffie, brioche, een glas wijn of lunch maar ook om bijvoorbeeld de gedroogde ravioli van Toscanini voor thuis mee te nemen.",https://www.debuik.nl/amsterdam/restaurant/toscanini-deli
Bij de Frans-New Yorkse brasserie Lolita staat kwaliteit en gezelligheid op nummer één.,https://www.debuik.nl/amsterdam/restaurant/lolita
"Bij de Pizza Project in Oud-West eet je luchtige Napolitaanse pizza’s, gebakken in eigen houtoven. Vis, vlees, vega(n), er is voor iedereen wat wils.",https://www.debuik.nl/amsterdam/restaurant/the-pizza-project
"Bij de Seafood Bar eet je oesters, kreeft en andere soorten vis. Op de Ferdinand Bolstraat kan je nu ook bij de 'visboer' terecht voor de lekkerste vis thuis.",https://www.debuik.nl/amsterdam/restaurant/the-seafood-bar
"Bij de Veganees ga je langs voor bites, soepjes, salades, curry’s en stir fry’s in de 'Asian Style Streetfood', alles is vegan.",https://www.debuik.nl/amsterdam/restaurant/veganees
Bij de brouwclub van de Eeuwige Jeugd in het ketelhuis van de oude Bijlmerbajes eet je gefrituurde happen in combinatie met de bieren van de jeugd.,https://www.debuik.nl/amsterdam/restaurant/levenslang
"Bij de grondlegger van brunchen in Amsterdam is zonder twijfel Staring at Jacob. Deze, naar de straathoek vernoemde, zaak serveert tot in de middag een ontbijt en brunch.",https://www.debuik.nl/amsterdam/restaurant/staring-at-jaboc
Bij de stoere Black Dog serveren ze streetfood uit alle delen van de wereld. De zaak is vernoemd naar de zwerfhond die de eigenaren gered hebben,https://www.debuik.nl/amsterdam/restaurant/the-black-dog
"Bij dit lichte restaurant in Noord vind je een eigen luisterbar en chefs die op het podium voor je staan te koken in frisse, spicy, Aziatisch-Holllandse smaken.",https://www.debuik.nl/amsterdam/restaurant/corner-store
"Bij dit new style ‘bruine’ café kun je ‘s ochtends al voor de koffie binnenploffen, lunchen met een lekkere baguette of aan de bar hangen voor wat bites en de uitgebreide selectie (natuur) wijnen.",https://www.debuik.nl/amsterdam/restaurant/de-twee-prinsen
Bij een van de leukste (en drukste) stadsstranden van Amsterdam bij park Somerlust/stadshaven Amstelkwartier vind je de eerste vestiging van L’Osteria in Amsterdam.,https://www.debuik.nl/amsterdam/restaurant/l-osteria
Bij et Claire aan de Beethovenstraat eet je de lekkerste croissants en viennoiserie die onder leiding van patisserie chef Pascalle Veen worden gebakken.,https://www.debuik.nl/amsterdam/restaurant/et-claire
Bij het Lokaal van de Stad kan je de hele dag neerstrijken voor moderne cafégerechten. Het uitzicht op de Westlandgracht vanaf het terras is geweldig.,https://www.debuik.nl/amsterdam/restaurant/lokaal-van-de-stad
"Bij het intieme Kitchen Nieuwland, met maximaal 12 couverts, geniet je van het omkase menu en de gastvrijheid van chef Shan en zijn man Quan.",https://www.debuik.nl/amsterdam/restaurant/kitchen-nieuwland
"Bij het sfeervolle Moos in West, van de familie Goudvisch, kun je terecht voor ontbijt, lunch, diner en borrel.",https://www.debuik.nl/amsterdam/restaurant/moos
"Bij het skatecafé in Amsterdam is overdag skate les voor jongeren. Later kun je er terecht voor biodynamische wijnen, goed eten en natuurlijk om te skaten.",https://www.debuik.nl/amsterdam/restaurant/skatecaf
Bij restaurant Vinkeles** in hotel The Dylan Amsterdam krijg je het 'mooiste van het mooiste' geserveerd.,https://www.debuik.nl/amsterdam/restaurant/vinkeles
Bij restobar Juana La Dama in Oud-West vind je de uitgesproken smaken van Argentinië met een leuke Argentijnse wijnkaart en veel wijnen per glas.,https://www.debuik.nl/amsterdam/restaurant/juana-la-dama
"Bijzondere en afwijkende gerechten bij Coba trekken de gast uit de comfortzone. Hier ga je heen voor Mexicaanse sferen, maar ook de bijzondere cocktails en mescals.",https://www.debuik.nl/amsterdam/restaurant/coba
Bird,https://www.debuik.nl/amsterdam/restaurant/bird
Bistro Berlage,https://www.debuik.nl/amsterdam/restaurant/bistro-berlage
Bistro Feline,https://www.debuik.nl/amsterdam/restaurant/brasserie-gossler-florin-bistro-feline
"Bistro Féline – een stukje Parijs in Am-sterdam, met de sfeer van charmante Parijse bistro’s met klassieke elegantie en een kosmopolitische flair.",https://www.debuik.nl/amsterdam/restaurant/brasserie-gossler-florin-bistro-feline
Bistro Toost,https://www.debuik.nl/amsterdam/restaurant/bistro-toost
Bistro de la Mer,https://www.debuik.nl/amsterdam/restaurant/bistro-de-la-mer
"Bistro de la Mer*, zoals de naam doet vermoeden draait het bij deze bistro om de zee: van kreeft tot sardine en van tarbot tot garnaal.",https://www.debuik.nl/amsterdam/restaurant/bistro-de-la-mer
Bistrot Les Zazous,https://www.debuik.nl/amsterdam/restaurant/bistrot-les-zazous
Bistrot Neuf,https://www.debuik.nl/amsterdam/restaurant/bistro-neuf
Blauw,https://www.debuik.nl/amsterdam/restaurant/blauw
Blik,https://www.debuik.nl/amsterdam/restaurant/blik
"Blik Amsterdam: fine dining van Tijn Verstappen & Jacob Jan Boerma. Open vuur, à la carte, groot tuinterras.",https://www.debuik.nl/amsterdam/restaurant/blik
"Bluespoon is Prins & Aap geworden een plek waar Dutch design, lokale ingrediënten en cocktails samenkomen.",https://www.debuik.nl/amsterdam/restaurant/barstro-prins-aap
Bodon eert de Franse culinaire traditie van ontbijt tot diner in een brasseriesfeer van macaron tot foie gras.,https://www.debuik.nl/amsterdam/restaurant/bodon
Boes en Beis,https://www.debuik.nl/amsterdam/restaurant/boes-en-beis
Boi Boi,https://www.debuik.nl/amsterdam/restaurant/boi-boi
Bolenius Rembrandtpark,https://www.debuik.nl/amsterdam/restaurant/bolenius-rembrandtpark
Bon Burger Bar,https://www.debuik.nl/amsterdam/restaurant/bon-burger-bar
Bonboon,https://www.debuik.nl/amsterdam/restaurant/bonboon
Bonboon verhuisde van KNSM-eiland naar de Grachtengordel en serveert nu in de Rozenstraat een van de beste vegan keukens van de stad.,https://www.debuik.nl/amsterdam/restaurant/bonboon
Boon & de Koot,https://www.debuik.nl/amsterdam/restaurant/boon-en-de-koot
"Boon & de Koot: restobar in Amsterdam met natuurwijn, betaalbare gerechten en ongedwongen sfeer op de plek van Marius en Wijncafé Worst.",https://www.debuik.nl/amsterdam/restaurant/boon-en-de-koot
Bottleshop Amsterdam,https://www.debuik.nl/amsterdam/restaurant/bottleshop-amsterdam
Bouchon du Centre,https://www.debuik.nl/amsterdam/restaurant/bouchon-de-centre
Boutique Cinema FC Hyena serveert uitstekende lunches en diners. Ook heel fijn: alles mag mee de zaal in.,https://www.debuik.nl/amsterdam/restaurant/fc-hyena
Box Sociaal,https://www.debuik.nl/amsterdam/restaurant/box-sociaal
Box Sociaal Jordaan,https://www.debuik.nl/amsterdam/restaurant/box-sociaal-jordaan
Brasserie Carstens,https://www.debuik.nl/amsterdam/restaurant/brasserie-carstens
Brasserie Carstens is terug van weggeweest! Hier geniet je van de farm-to-table gerechten van chef Jeroen Bruisma begeleid door mooie (natuur)wijnen.,https://www.debuik.nl/amsterdam/restaurant/brasserie-carstens
Brasserie De Roode Leeuw,https://www.debuik.nl/amsterdam/restaurant/de-roode-leeuw
Brasserie Margaux,https://www.debuik.nl/amsterdam/restaurant/brasserie-margaux
"Brasserie Margaux is zoals de naam al doet vermoeden een viering van Frankrijk, met haar rijke gerechten en heerlijke wijnen.",https://www.debuik.nl/amsterdam/restaurant/brasserie-margaux
Brasserie Marie,https://www.debuik.nl/amsterdam/restaurant/marie
"Brasserie Marie hoort bij het bekende Hotel De L'Europe en is helemaal geïnspireerd op Frankrijk, voornamelijk de Côte d'Azur.",https://www.debuik.nl/amsterdam/restaurant/marie
Brasserie SenT,https://www.debuik.nl/amsterdam/restaurant/brasserie-sent
Brasserie SenT toont een culinair hoogstandje met de Big Green Egg in de hoofdrol. Een plek die een verrassende mix van kwaliteit en creativiteit brengt.,https://www.debuik.nl/amsterdam/restaurant/brasserie-sent
Brasserie Van Dam,https://www.debuik.nl/amsterdam/restaurant/brasserie-van-dam
Brasserie van Baerle,https://www.debuik.nl/amsterdam/restaurant/brasserie-van-baerle
Brecht,https://www.debuik.nl/amsterdam/restaurant/brecht
"Brecht is een huiskamercafe in Berlijnse stijl met een uitgebreide Duitse bierselectie, barbites en wat kleine gerechten.",https://www.debuik.nl/amsterdam/restaurant/brecht
Brio,https://www.debuik.nl/amsterdam/restaurant/brio
Brio is een Italiaans restaurant met verse pasta’s met een twist tot moderne vis en vleesgerechten met een gezellige sfeer.,https://www.debuik.nl/amsterdam/restaurant/brio
Brioche,https://www.debuik.nl/amsterdam/restaurant/brioche
Broodje Bert,https://www.debuik.nl/amsterdam/restaurant/broodje-bert
"Broodsommeliers, seizoensproducten, vuurplaatsen en verborgen gerechten. Wils haalt alles uit de kast voor een ultieme diner-beleving.",https://www.debuik.nl/amsterdam/restaurant/restaurant-wils
Brouwerij 't IJ,https://www.debuik.nl/amsterdam/restaurant/brouwerij-t-ij
"Brouwerij 't IJ is een must voor liefhebbers van speciaalbier, als een van de oudste brouwerijen van Amsterdam.",https://www.debuik.nl/amsterdam/restaurant/brouwerij-t-ij
Brouwerij Troost,https://www.debuik.nl/amsterdam/restaurant/brouwerij-troost
Brouwerij Troost is het bierproeflokaal met een volledig plantaardige pubfood kaart,https://www.debuik.nl/amsterdam/restaurant/brouwerij-troost
Brouwerij de Prael,https://www.debuik.nl/amsterdam/restaurant/brouwerij-de-prael
Bruine Amsterdamse barcultuur met ruimte voor eigentijds eten in het restaurantdeel. Natuurwijnen op de kaart en goede gerechten voor aan de bar.,https://www.debuik.nl/amsterdam/restaurant/kikkie
Brunchdale,https://www.debuik.nl/amsterdam/restaurant/brunchdale
"Brunchdale biedt een gezellige plek bij het NDSM, tussen alle appartementencomplexen, op loopafstand van de pont.",https://www.debuik.nl/amsterdam/restaurant/brunchdale
Brut de Mer,https://www.debuik.nl/amsterdam/restaurant/brut-de-mer
Bullewijck,https://www.debuik.nl/amsterdam/restaurant/bullewijck
Bulls and Dogs,https://www.debuik.nl/amsterdam/restaurant/bulls-and-dogs
BunBun,https://www.debuik.nl/amsterdam/restaurant/bunbun
"BunBun in hartje Amsterdam serveert ambachtelijke buns van gelaagd croissantdeeg, van romige pistache tot hartige oude kaas. Klein, vers en bijzonder.",https://www.debuik.nl/amsterdam/restaurant/bunbun
Bunk Amsterdam,https://www.debuik.nl/amsterdam/restaurant/bunk-amsterdam
"Bunk is een betaalbaar hotel voor mensen van buiten, een gezellige plek voor mensen uit de buurt en een toegankelijke bar en restaurant voor allebei.",https://www.debuik.nl/amsterdam/restaurant/bunk-amsterdam
Burgermeester,https://www.debuik.nl/amsterdam/restaurant/burgermeester
Bussia,https://www.debuik.nl/amsterdam/restaurant/bussia
Buurt Amsterdam,https://www.debuik.nl/amsterdam/restaurant/buurt-amsterdam
"Buurt Amsterdam is een buurtrestaurant voor ontbijt, lunch, diner en borrel. Van brioche en salades tot burgers, kaasfondue en een goede borrelplank.",https://www.debuik.nl/amsterdam/restaurant/buurt-amsterdam
Buurtcafé de Tros,https://www.debuik.nl/amsterdam/restaurant/buurtcafe-de-tros
"Buurtzaak met veel local op de koffie of lunch en van donderdag t/m zaterdag simpele maar smaakvolle dinerkaart. Gezellige cafesfeer, buiten eten lukt ook.",https://www.debuik.nl/amsterdam/restaurant/cote-wispe
CLOS,https://www.debuik.nl/amsterdam/restaurant/clos
CUE,https://www.debuik.nl/amsterdam/restaurant/cue
CUE de opvolger van Vanderveen* is geopend en bestaat uit twee delen een bargedeelte in de kelder en een finedining restaurant boven.,https://www.debuik.nl/amsterdam/restaurant/cue
Cabrón,https://www.debuik.nl/amsterdam/restaurant/cabr-n
Cabrón is een Mexicaans restaurant in De Pijp met veel veganistische gerechten op de kaart.,https://www.debuik.nl/amsterdam/restaurant/cabr-n
"Cafe Binnenvisser is een restobar met een wisselend menu, met voornamelijk groenten in de hoofdrol, en een fantastische (natuur)wijnkaart. Hier loop je gewoon binnen zonder te reserveren.",https://www.debuik.nl/amsterdam/restaurant/caf-binnenvisser
Cafe Remouillage,https://www.debuik.nl/amsterdam/restaurant/cafe-remouillage
Cafe Remouillage in de Rivierenbuurt is een van de voorlopers van de nieuwe stijl van restaurant-bar. Hier is de wijn minimaal zo belangrijk als het eten.,https://www.debuik.nl/amsterdam/restaurant/cafe-remouillage
"Cafe Restaurant Amsterdam bevindt zich in een oud waterpompgebouw in Amsterdam-West. Het is een ruime zaak, waar je ook met grote groepen terecht kunt.",https://www.debuik.nl/amsterdam/restaurant/restaurant-amsterdam
Cafe Restaurant Nieuw Amsterdam gevestigd in het West-Indisch huis. Met een moderene brasseriekaart beetje Frans getint en lekkere cocktails.,https://www.debuik.nl/amsterdam/restaurant/cafe-nieuw-amsterdam
Cafe de Jaren is sinds 1990 een begrip in Amsterdam. Het lichte en ruime cafe heeft de grote leestafel en een balkon en terras aan de Amstel.,https://www.debuik.nl/amsterdam/restaurant/cafe-de-jaren
"Cafe de Klepel is een van de eerste restobar's van Amsterdam. Hier gaan de (Franse) keuken en (Franse) wijnen hand in hand. De Klepel serveert een wisselend drie of vier gangen menu, maar je kunt ook aan de bar terecht voor een glas (Franse) wijn met een hapje of een plat-du-jour.",https://www.debuik.nl/amsterdam/restaurant/de-klepel
Cafecito Van Baerlestraat,https://www.debuik.nl/amsterdam/restaurant/cafecito-van-baerlestraat
"Cafecito is een hippe, steriel wit ingerichte, specialty koffiezaak met koffie uit eigen branderij en veel keuze in matcha, ice en latte varianten.",https://www.debuik.nl/amsterdam/restaurant/cafecito-van-baerlestraat
Caffè Pico,https://www.debuik.nl/amsterdam/restaurant/caffe-pico
Caffè Pico is een modern Italiaans restaurant met invloeden van over de hele wereld. Van kleine moderne gerechten tot aan traditionele pasta en pizza.,https://www.debuik.nl/amsterdam/restaurant/caffe-pico
Caffè Toscanini,https://www.debuik.nl/amsterdam/restaurant/cafe-toscanini
Café Americain,https://www.debuik.nl/amsterdam/restaurant/caf-americain
Café BAX,https://www.debuik.nl/amsterdam/restaurant/caf-bax
Café Bax is een bruin buurtcafé waar de speciaalbiertjes in de hoofdrol staan. Voor een lekkere lunch of goede babbel kun je hier altijd terecht.,https://www.debuik.nl/amsterdam/restaurant/caf-bax
Café Beurre,https://www.debuik.nl/amsterdam/restaurant/cafe-beurre
"Café Beurre van 'neef' Kim Jongbloed gaat vegetarisch koken - met boter. De inspiratie komt onder meer van 'Tante Karin', van Balthazar's Keuken.",https://www.debuik.nl/amsterdam/restaurant/cafe-beurre
Café Bica,https://www.debuik.nl/amsterdam/restaurant/cafe-bica
"Café Bica is de koffie- en Portugese patisserie van de mannen achter Bam Boa, met veel aandacht voor smaken, van mango matcha tot een hojicha latte.",https://www.debuik.nl/amsterdam/restaurant/cafe-bica
Café Binnenvisser,https://www.debuik.nl/amsterdam/restaurant/caf-binnenvisser
Café Carbon,https://www.debuik.nl/amsterdam/restaurant/caf-carbon
Café Caron,https://www.debuik.nl/amsterdam/restaurant/caf-caron
Café Cenc,https://www.debuik.nl/amsterdam/restaurant/cafe-cenc
Café Cress,https://www.debuik.nl/amsterdam/restaurant/cafe-cress
Café Cress is een family style restaurant en buurtcafé met een fijn zonnig terras en gerechten om te delen.,https://www.debuik.nl/amsterdam/restaurant/cafe-cress
Café De Twee Prinsen,https://www.debuik.nl/amsterdam/restaurant/de-twee-prinsen
Café Freddy,https://www.debuik.nl/amsterdam/restaurant/cafe-freddy
Café Jakarta,https://www.debuik.nl/amsterdam/restaurant/cafe-jakarta
Café Jansen,https://www.debuik.nl/amsterdam/restaurant/cafe-jansen
"Café Jansen is onderdeel van een hotel met dezelfde naam. Je kunt hier terecht voor ontbijt, lunch en diner uit de Franse keuken.",https://www.debuik.nl/amsterdam/restaurant/cafe-jansen
Café Keppler,https://www.debuik.nl/amsterdam/restaurant/caf-keppler
"Café Keppler is het buurt cafe van Noord hier kom je voor ontbijt, een goede bak koffie of een lunch.",https://www.debuik.nl/amsterdam/restaurant/caf-keppler
Café Kompleet,https://www.debuik.nl/amsterdam/restaurant/cafe-komeet
Café Kuijper,https://www.debuik.nl/amsterdam/restaurant/caf-kuijper
Café Kuijper is een gezellig lichtbruin cafe in Amsterdam. Je kunt er heerlijk uitgebreid lunchen/laat-ontbijten en borrelen. Er staan biertjes op de tap en fles.,https://www.debuik.nl/amsterdam/restaurant/caf-kuijper
Café Kuyl,https://www.debuik.nl/amsterdam/restaurant/caf-kuyl
Café Marcella,https://www.debuik.nl/amsterdam/restaurant/cafe-marcella
"Café Marcella op het Amstelveld is dé plek voor koffie, lunch of een borrel met kleine gerechten. Geen reservering nodig, kom langs en geniet!",https://www.debuik.nl/amsterdam/restaurant/cafe-marcella
Café Maurits,https://www.debuik.nl/amsterdam/restaurant/caf-restaurant-bar-maurits
Café Maxwell,https://www.debuik.nl/amsterdam/restaurant/cafe-maxwell
"Café Maxwell in Amsterdam-Oost serveert bistroklassiekers, tapbieren en wijn op het zonnige Beukenplein. Perfect voor lunch, diner of borrel.",https://www.debuik.nl/amsterdam/restaurant/cafe-maxwell
Café Modern,https://www.debuik.nl/amsterdam/restaurant/caf-modern
Café Nieuw Amsterdam,https://www.debuik.nl/amsterdam/restaurant/cafe-nieuw-amsterdam
Café Ons Huis,https://www.debuik.nl/amsterdam/restaurant/ons-huis
Café Panache,https://www.debuik.nl/amsterdam/restaurant/cafe-panache
Café Panache vind je in Amsterdam west. Panache betekent flamboyant en waarom ze voor deze naam gekozen hebben kom je vanzelf achter bij een bezoekje.,https://www.debuik.nl/amsterdam/restaurant/cafe-panache
Café Parlotte,https://www.debuik.nl/amsterdam/restaurant/parlotte
Café Restaurant Amsterdam,https://www.debuik.nl/amsterdam/restaurant/restaurant-amsterdam
Café Restaurant Hoogendam,https://www.debuik.nl/amsterdam/restaurant/caf-restaurant-hoogendam
Café Restaurant Metro,https://www.debuik.nl/amsterdam/restaurant/cafe-restaurant-metro
Café Restaurant Sandberg,https://www.debuik.nl/amsterdam/restaurant/caf-restaurant-sandberg
Café Restaurant Verlan,https://www.debuik.nl/amsterdam/restaurant/caf-restaurant-verlan
Café Restobar V12,https://www.debuik.nl/amsterdam/restaurant/cafe-restobar-v12
Café Schiller,https://www.debuik.nl/amsterdam/restaurant/caf-schiller
Café Struis,https://www.debuik.nl/amsterdam/restaurant/cafe-struis
Café Struis is een uitbreiding op Proeflokaal de Molen van Brouwerij ’t IJ met alle bieren op de tap en nu al open vanaf de ochtend.,https://www.debuik.nl/amsterdam/restaurant/cafe-struis
Café Taigu / Ikkoku,https://www.debuik.nl/amsterdam/restaurant/caf-taigu-ikkoku
Café Tepoz,https://www.debuik.nl/amsterdam/restaurant/cafe-tepoz
"Café Tepoz biedt Mexicaanse ontbijt- en lunchgerechten zoals birria tacos, quesadillas en zalm tostadas, vergezeld van verfrissende aguas frescas.",https://www.debuik.nl/amsterdam/restaurant/cafe-tepoz
Café Vertigo,https://www.debuik.nl/amsterdam/restaurant/cafe-vertigo
"Café Vertigo is terug: vernieuwd, fris en charmant. Van ontbijt tot borrel, heerlijke wijnen en een terras met uniek uitzicht op het Vondelpark.",https://www.debuik.nl/amsterdam/restaurant/cafe-vertigo
Café Vita Lente,https://www.debuik.nl/amsterdam/restaurant/cafe-vita-lente
Café Wiesje,https://www.debuik.nl/amsterdam/restaurant/caf-wiesje
Café Wilhelmina,https://www.debuik.nl/amsterdam/restaurant/caf-wilhelmina
Café Wu,https://www.debuik.nl/amsterdam/restaurant/cafe-wu
Café a Côté,https://www.debuik.nl/amsterdam/restaurant/cafe-a-cote
Café de Ceuvel,https://www.debuik.nl/amsterdam/restaurant/caf-de-ceuvel
Café de Jaren,https://www.debuik.nl/amsterdam/restaurant/cafe-de-jaren
Café de jeugd,https://www.debuik.nl/amsterdam/restaurant/tapperij-de-eeuwige-jeugd
"Café is een beetje misleidend voor Modern. Ja, je kunt er een biertje of wijntje drinken maar Modern is meer een licht en groot restaurant en van dezelfde eigenaren als de Goudfazant, hier serveert men een vast menu (vanaf 5 gangen) met veel aandacht voor groenten",https://www.debuik.nl/amsterdam/restaurant/caf-modern
Café restaurant De Reiger,https://www.debuik.nl/amsterdam/restaurant/cafe-restaurant-de-reiger
"Café à Côté is een kleine wijnbar naast Petit Péché, waar je van donderdag tot zaterdag geniet van wijnen en bar-gerechten zoals oesters en saucisson sec.",https://www.debuik.nl/amsterdam/restaurant/cafe-a-cote
Calf & Bloom,https://www.debuik.nl/amsterdam/restaurant/calf-bloom
Calisto,https://www.debuik.nl/amsterdam/restaurant/calisto
Calisto is het nieuwe restaurant van het hotel (gaat later open) van de mannen van Café Binnenvisser.,https://www.debuik.nl/amsterdam/restaurant/calisto
Calle Ocho,https://www.debuik.nl/amsterdam/restaurant/calle-ocho
Camarat,https://www.debuik.nl/amsterdam/restaurant/camarat
Cancún,https://www.debuik.nl/amsterdam/restaurant/cancun
"Cancún is een combinatie van de Mexicaanse en Caribische keuken, met veel cocktails, eten, muziek en dans.",https://www.debuik.nl/amsterdam/restaurant/cancun
Cannibale Royale,https://www.debuik.nl/amsterdam/restaurant/cannibale-royale
Cantina Caliente,https://www.debuik.nl/amsterdam/restaurant/cantina-caliente
Cantina L'esquina,https://www.debuik.nl/amsterdam/restaurant/cantina-l-esquina
Cantina L’esquina is een moderne Mediterrane zaak waar je een Mediterraans à-la-carte menu eet in een relaxte omgeving. Het geheime wapen is het enorme terras.,https://www.debuik.nl/amsterdam/restaurant/cantina-l-esquina
Cantine de Caron,https://www.debuik.nl/amsterdam/restaurant/cantine-de-caron
Canvas - Volkshotel,https://www.debuik.nl/amsterdam/restaurant/canvas-volkshotel
Cape Town Social Club,https://www.debuik.nl/amsterdam/restaurant/capetown-social-club
Capital Kitchen,https://www.debuik.nl/amsterdam/restaurant/capital-kitchen
Carroll's,https://www.debuik.nl/amsterdam/restaurant/carroll-s
Casa di David,https://www.debuik.nl/amsterdam/restaurant/casa-di-david
CatuaBar,https://www.debuik.nl/amsterdam/restaurant/catuabar
"Catuabar in Oost is een idee van maître Saskia, mixologist Alex en chef Gui. Je kunt hier Zuid-Amerikaanse gerechten kiezen met een cocktail arrangement.",https://www.debuik.nl/amsterdam/restaurant/catuabar
Cecconi's,https://www.debuik.nl/amsterdam/restaurant/cecconi-s
"Cecconi's in een modern Italiaans restaurant in het Soho House. Je hebt hier natuurlijk handgemaakte pasta, seafood en andere gerechten uit Noord Italië.",https://www.debuik.nl/amsterdam/restaurant/cecconi-s
Charcuteria,https://www.debuik.nl/amsterdam/restaurant/charcuteria
"Charcuteria in Amsterdam serveert mediterrane charcuterie, tapas en gerechten om te delen in een gezellige sfeer.",https://www.debuik.nl/amsterdam/restaurant/charcuteria
Chateau Amsterdam,https://www.debuik.nl/amsterdam/restaurant/chateau-amsterdam
Chef Michael Verboom serveert Franse klassiekers met Aziatische invloeden in het sfeervol ingerichte restaurant Jondani aan de Beethovenstraat.,https://www.debuik.nl/amsterdam/restaurant/jondani-downtown
"Chef Michiel van Eerde is na een rondzwerving door de stad terug waar hij ooit is begonnen, de Wibautstraat. In het oude Paroolgebouw waar voorheen Restaurant C heeft gezeten kun je terecht van lunch tot cocktails en diner.",https://www.debuik.nl/amsterdam/restaurant/baut-oost
Chef de cuisine Raoul Meuwese en zijn team van restaurant Bridges nemen je mee op een leerzame culinaire reis die je vanuit de keuken meemaakt.,https://www.debuik.nl/amsterdam/restaurant/bridges
Chop Chop,https://www.debuik.nl/amsterdam/restaurant/chop-chop
Choux,https://www.debuik.nl/amsterdam/restaurant/choux
"Choux zou op ieders bucketlist moeten staan. Eet er verfijnde groentegerechten en drink mooie vins nature, neem het sap arrangement en geniet van de mooi opgemaakte borden.",https://www.debuik.nl/amsterdam/restaurant/choux
Christiaan Smit,https://www.debuik.nl/amsterdam/restaurant/christiaan-smit
"Christiaan Smit is een intiem eetkamerrestaurant in de Jordaan naast Kikkie van de Prinsensluis. Geniet van een 3, 4- of 5-gangen menu.",https://www.debuik.nl/amsterdam/restaurant/christiaan-smit
Ciel Bleu Restaurant,https://www.debuik.nl/amsterdam/restaurant/ciel-bleu-restaurant
Cima,https://www.debuik.nl/amsterdam/restaurant/cima
Cima is een rooftop bar met uitzicht over de binnenstad. De menukaart bevat veelal Mexicaanse invloeden en er is een uitgebreide cocktailkaart.,https://www.debuik.nl/amsterdam/restaurant/cima
Clandestino,https://www.debuik.nl/amsterdam/restaurant/clandestino
"Clandestino, gelegen in het Valerius Complex, vormt de locatie voor een lunch of een shared dining-ervaring in de avond met innovatieve gerechten.",https://www.debuik.nl/amsterdam/restaurant/clandestino
Club Birdies,https://www.debuik.nl/amsterdam/restaurant/birdies
Coba,https://www.debuik.nl/amsterdam/restaurant/coba
"Cocktailbar Labyrinth in Oud-Zuid heeft lekkere cocktails en bites. Daarnaast is het op maandag open-mic avond, voor muziek, lezingen en mooie verhalen.",https://www.debuik.nl/amsterdam/restaurant/labyrinth-amsterdam
"Cocktailbar Law & Order in het centrum van Amsterdam is een smal, gezellige bar waar je de lekkerste en mooiste cocktails drinkt.",https://www.debuik.nl/amsterdam/restaurant/law-order
Cocktailbar Sonora is gevestigd op de bovenste (24e) verdieping van het nhow Amsterdam RAI. Naast het geweldige uitzicht.,https://www.debuik.nl/amsterdam/restaurant/sonora
Copain,https://www.debuik.nl/amsterdam/restaurant/copain
Copal,https://www.debuik.nl/amsterdam/restaurant/colima
Corner Store,https://www.debuik.nl/amsterdam/restaurant/corner-store
Counter,https://www.debuik.nl/amsterdam/restaurant/counter
Couscousbar,https://www.debuik.nl/amsterdam/restaurant/couscousbar
Cucina Casalinga,https://www.debuik.nl/amsterdam/restaurant/cucina-casalinga
Czaar,https://www.debuik.nl/amsterdam/restaurant/czaar
Côte Wispe,https://www.debuik.nl/amsterdam/restaurant/cote-wispe
Daalder,https://www.debuik.nl/amsterdam/restaurant/daalder-nieuw
Dappertutto,https://www.debuik.nl/amsterdam/restaurant/dappertutto
Dauphine,https://www.debuik.nl/amsterdam/restaurant/dauphine
Dauphine is gelegen vlakbij het Amstel Station. Op de kaart van deze altijd gezellige klassieker vind je heerlijke wijnen en simpele bistrofavorieten.,https://www.debuik.nl/amsterdam/restaurant/dauphine
"Dave Baxter de ex chef van Café Cliché volgde zijn droom met een eigen broodjeszaak waar hij alles zelf maakt, behalve het brood.",https://www.debuik.nl/amsterdam/restaurant/davie-s
Davie’s,https://www.debuik.nl/amsterdam/restaurant/davie-s
De Biertuin Linnaeusstraat,https://www.debuik.nl/amsterdam/restaurant/de-biertuin
De Biertuin Mercatorplein,https://www.debuik.nl/amsterdam/restaurant/de-biertuin-mercatorplein
De Biertuin Prinsengracht,https://www.debuik.nl/amsterdam/restaurant/de-biertuin-prinsengracht
De Biertuin aan de Linnaeusstraat heeft een groot en wisselend assortiment aan bieren en goed comfort food zonder poespas.,https://www.debuik.nl/amsterdam/restaurant/de-biertuin
De Biertuin aan de Prinsengracht heeft een groot en wisselend assortiment aan bieren en goed comfort food zonder poespas.,https://www.debuik.nl/amsterdam/restaurant/de-biertuin-prinsengracht
De Biertuin aan het Mercatorplein heeft een groot en wisselend assortiment aan bieren en goed comfort food zonder poespas.,https://www.debuik.nl/amsterdam/restaurant/de-biertuin-mercatorplein
De Buitenvrouw,https://www.debuik.nl/amsterdam/restaurant/de-buitenvrouw
De Foodhallen in Amsterdam staat vol met goede eetkraampjes die verschillende gerechten voor je klaarmaken.,https://www.debuik.nl/amsterdam/restaurant/foodhallen-amsterdam
"De Hoftuin is een kleine oase van Dignita met een geweldig tuinterras, in het kleine parkje tussen de Hermitage en het Nationaal Holocast Namenmonument.",https://www.debuik.nl/amsterdam/restaurant/dignita-hoftuin
De Huyschkaemer aan de Utrechtsestraat is een echte sfeervolle bar waar je tegenwoordig ook ontbijt en lunch kan scoren.,https://www.debuik.nl/amsterdam/restaurant/de-huyschkaemer
De Japanner,https://www.debuik.nl/amsterdam/restaurant/de-japanner
De Japanner Zuid,https://www.debuik.nl/amsterdam/restaurant/de-japanner-zuid
"De Japanner is inmiddels niet meer weg te denken uit de Pijp en stelt nooit teleur met haringsashimi, gyoza, gefrituurde kip en sushi.",https://www.debuik.nl/amsterdam/restaurant/de-japanner
De Juwelier,https://www.debuik.nl/amsterdam/restaurant/de-juwelier
De Juwelier is het nieuwste restaurant van de chef-koks Richard van Oostenbrugge en Thomas Groot. Het is een à la carte restaurant met de technieken van nu.,https://www.debuik.nl/amsterdam/restaurant/de-juwelier
De Kaasbar,https://www.debuik.nl/amsterdam/restaurant/de-kaasbar
De Kanarie Club is perfecte plek om overdag te werken terwijl je van ontbijt of lunch geniet en ‘s avonds te eten en te borrelen.,https://www.debuik.nl/amsterdam/restaurant/kanarie-club
De Kas doet zijn naam eer aan want je eet er letterlijk in een kas en van eigen oogst.,https://www.debuik.nl/amsterdam/restaurant/restaurant-de-kas
De Klepel,https://www.debuik.nl/amsterdam/restaurant/de-klepel
De Koffieschenkerij,https://www.debuik.nl/amsterdam/restaurant/de-koffieschenkerij
De Koffieschenkerij: heerlijke specialty koffie met uniek terras bij De Oude Kerk in hartje Amsterdam. Perfect tijdens een stadswandeling met vrienden.,https://www.debuik.nl/amsterdam/restaurant/de-koffieschenkerij
De Kop van Oost,https://www.debuik.nl/amsterdam/restaurant/de-kop-van-oost
De Mark,https://www.debuik.nl/amsterdam/restaurant/de-mark
"De Mark, het restaurant van Hotel De Durgerdam. Hier eet je hoogwaardige, eerlijke gerechten, met ingrediënten van Hollandse bodem, zonder pretenties gecreëerd door Richard van Oostenbrugge en Thomas Groot (chefs 212**) gekookt op open vuur door Koen Marees (ex The Lobby) in een warme comfortabele setting.",https://www.debuik.nl/amsterdam/restaurant/de-mark
De Nada,https://www.debuik.nl/amsterdam/restaurant/de-nada
De Neef van Fred,https://www.debuik.nl/amsterdam/restaurant/de-neef-van-fred
De Paskamer,https://www.debuik.nl/amsterdam/restaurant/de-paskamer
De Pizzabakkers Zuidas,https://www.debuik.nl/amsterdam/restaurant/de-pizzabakkers-zuidas
De Pizzabakkers op de Zuidas is de ideale plek voor een vrijdagmiddagborrel of een diner. de kaart met meer dan 12 pizza's heeft voor ieder wat wils.,https://www.debuik.nl/amsterdam/restaurant/de-pizzabakkers-zuidas
De Plantage,https://www.debuik.nl/amsterdam/restaurant/de-plantage
"De Rotterdamse Dudok opende zijn deuren in het Muziekgebouw aan ‘t IJ. Op het menu staan drie gangen met keuze uit vlees-, vis- en een vegetarisch gerecht.",https://www.debuik.nl/amsterdam/restaurant/dudok-aan-t-ij
"De Tros is zo’n buurtcafé dat elke wijk in Amsterdam wel wil hebben. De kaart is spannend, wisselt regelmatig en er is 100% natuurwijn op de kaart.",https://www.debuik.nl/amsterdam/restaurant/buurtcafe-de-tros
De Verbroederij,https://www.debuik.nl/amsterdam/restaurant/de-verbroederij
De Verbroederij is een sociaal eetcafe met een geweldig zandterras in Noord. Gerund door de buurtgemeenschap wordt hier alles in een ‘easy’ sfeer met liefde klaargemaakt.,https://www.debuik.nl/amsterdam/restaurant/de-verbroederij
De Vergulden Eenhoorn,https://www.debuik.nl/amsterdam/restaurant/de-vergulden-eenhoorn
De Vrouw met de Baard,https://www.debuik.nl/amsterdam/restaurant/de-vrouw-met-de-baard
De Wasserette,https://www.debuik.nl/amsterdam/restaurant/de-wasserette
De Wasserette is te vinden aan de Eerste van der Helststraat (om de hoek bij de Albert Cuijpmarkt). Je besteld hier een stevig ontbijt of lunch met goede koffie.,https://www.debuik.nl/amsterdam/restaurant/de-wasserette
De Watergang,https://www.debuik.nl/amsterdam/restaurant/de-watergang
De Willem,https://www.debuik.nl/amsterdam/restaurant/de-willem
De Wit heeft Honger kan je vinden op de Witte de Withstraat in Amsterdam. Chef Simo houdt van eten dat rondom de Middellandse Zee op tafel staat.,https://www.debuik.nl/amsterdam/restaurant/meneer-de-wit-heeft-honger
De Ysbreeker,https://www.debuik.nl/amsterdam/restaurant/de-ysbreeker
"De Ysbreeker is een sfeervol café-restaurant aan de Amstel, waar je de hele dag terecht kunt voor heerlijke gerechten, zoals burrata of pompoenrisotto.",https://www.debuik.nl/amsterdam/restaurant/de-ysbreeker
De Zingende Zwaan,https://www.debuik.nl/amsterdam/restaurant/de-zingende-zwaan
De brasserie van de beroemde slagersfamilie van Dam. Een populaire plek voor bekend Amsterdam voor een hapje of een drankje.,https://www.debuik.nl/amsterdam/restaurant/brasserie-van-dam
"De brewpub van brouwerij de Eeuwige Jeugd met natuurlijk alle Eeuwige Jeugd bieren, prive ruimtes voor feestjes en een (verwarmd) terras.",https://www.debuik.nl/amsterdam/restaurant/tapperij-de-eeuwige-jeugd
"De derde locatie van Hot & Hot, waarvan de tweede in Amsterdam. Hier geniet je van Chinese hot pot en andere Aziatische gerechten en drankjes.",https://www.debuik.nl/amsterdam/restaurant/hot-hot-chinatown
De derde vestiging van Heemelrijck zit aan het Leidseplein met dezelfde nostalgische sfeer en recepten afkomstig van een lange famliegeschiedenis.,https://www.debuik.nl/amsterdam/restaurant/heemelrijck-leidseplein
De eerste Kaasbar van Amsterdam is geopend op de Ferdinand Bolstraat in Amsterdam,https://www.debuik.nl/amsterdam/restaurant/de-kaasbar
De eerste koffiebar van Wakuli met koffie direct van de boer is geopend op de Linnaeusstraat in Amsterdam. Meer eerlijke prijzen voor de boer maar ook redelijke prijzen voor de consument,https://www.debuik.nl/amsterdam/restaurant/wakuli
De eigenaar en chef Kevin Kearney heeft een diner gecreëerd waar je verantwoord en verrassend Amerikaans comfort food met Europese invloeden eet.,https://www.debuik.nl/amsterdam/restaurant/stacks-diner
"De eigentijdse klassieker van Oud-Zuid met een Franse brasseriekeuken, bekroonde wijnkaart en een fijn beschut tuinterras.",https://www.debuik.nl/amsterdam/restaurant/brasserie-van-baerle
De gerechten op de kaart bij Cantina Caliente zijn als een reis door de verschillende delen van Latijns-Amerika.,https://www.debuik.nl/amsterdam/restaurant/cantina-caliente
"De kaart van Kim’s So Fusion staat vol met kwalitatieve klassiekers. Waaronder ook gimbap, kimchi fried rice, bingsu en soju drank.",https://www.debuik.nl/amsterdam/restaurant/kim-s-so-fusion
De kaart van Morgan & Mees is internationaal georiënteerd en er staat voor iedereen wel wat tussen.,https://www.debuik.nl/amsterdam/restaurant/morgan-mees
"De karavaan route is representatief voor deze menukaart: van Italiaans tot Midden-Oosters, van koffie en ontbijt tot diner of borrel.",https://www.debuik.nl/amsterdam/restaurant/karavaan
De kracht van eenvoud proef je het beste bij Bar Centraal in de Ten Katestraat. Bestel er meerdere kleine hapjes om zoveel mogelijk te proeven.,https://www.debuik.nl/amsterdam/restaurant/bar-centraal
"De mannen van Aan de Poel openden een toegankelijke zaak in Amstelveen. Verwacht betaalbaarheid met wijnen, modern-klassieke gerechten en een fijne bar.",https://www.debuik.nl/amsterdam/restaurant/bistro-toost
"De nieuwe eigenaren van De Reiger behouden de Oud-Amsterdamse sfeer, maar verrassen met verse Hollandse klassiekers als koninginnesoep in een sfeervolle eetzaal.",https://www.debuik.nl/amsterdam/restaurant/cafe-restaurant-de-reiger
"De nieuwe urban winery die wijn maakt van wijngaarden uit heel Europa is nu gecombineerd met een restaurant met toegankelijke Italiaanse gerechten, een echte wijn-food bestemming in Amsterdam Noord.",https://www.debuik.nl/amsterdam/restaurant/chateau-amsterdam
De nieuwe zaak van Xander Waller en chef Rients de Jong in kookt betaalbaar en met de seizoenen mee in een verlichte grote ruimte waar je ook aan de betonnen bar kunt ploffen voor een bite met een glas (natuur)wijn.,https://www.debuik.nl/amsterdam/restaurant/cafe-restaurant-metro
De nieuwe zaak van de mannen achter Wijmpje Beukers heeft een licht ‘Brits-pub’ tintje.,https://www.debuik.nl/amsterdam/restaurant/de-zingende-zwaan
De oude scheepsbouwloods op de NDSM-werf staat vanaf het voorjaar van 2019 in het teken van bieren en lekkere toegankelijke gerechten.,https://www.debuik.nl/amsterdam/restaurant/ijver
De plek voor de echte Argentijnse empanadas en patisserie in Amsterdam.,https://www.debuik.nl/amsterdam/restaurant/baires
De plek voor een goede burger op de hoek van de Bloemenmarkt. Ter Marsch & Co won in 2021 de prijs voor beste burger Benelux en in 2020 de prijs voor beste friet van Nederland.,https://www.debuik.nl/amsterdam/restaurant/ter-marsch-co-amsterdam
De plek voor een ontbijt of lunch als je naar een beurs in de RAI gaat. Hier vind je uitsmijters in alle denkbare varianten.,https://www.debuik.nl/amsterdam/restaurant/de-uitsmijter
"De plek voor super (filter) koffie en passende broodjes in de ochtend en in de middag wijnen, met wat kleine snacks, van de uitgebreide wijnkaart.",https://www.debuik.nl/amsterdam/restaurant/4850
"De prachtige, verfijnde Aziatische bistro Mr. Sam neemt je mee op wereldreis door de Aziatische keuken en laat je eten niet proeven, maar ervaren.",https://www.debuik.nl/amsterdam/restaurant/mr-sam
"De simpele formule van entrecote, friet en sla wordt bij Les Dames in perpectie uitgevoerd. Voor de niet carnivoor serveren ze ook nog sliptongetjes. Het adres voor pre Concertgebouw diner.",https://www.debuik.nl/amsterdam/restaurant/l-entrecote-et-les-dames
"De specialiteit van dit Libanese restaurant is, hoe kan het ook anders, mezze. Hier kom je dus om gezellig eten te delen met je hele tafel.",https://www.debuik.nl/amsterdam/restaurant/beyrouth
"De tiktokkers onder ons smullen van een zaak als Ness. Niet alleen is het eten om je vingers bij af te likken, ook de visuele prikkels zijn er om te liken.",https://www.debuik.nl/amsterdam/restaurant/ness
De tweede queria van Jim en Mike heeft vis als hoofdingrediënt naast natuurlijk de eigen gemaakte maistaco’s waar de mannen in Amsterdam bekend mee werden.,https://www.debuik.nl/amsterdam/restaurant/masmais-marisqueria
De tweede vestiging van PepeNero op het KNSM-eiland heeft naast de geweldige pasta’s en dolci ook pizza’s in eenzelfde beleving als de vestiging in Oost.,https://www.debuik.nl/amsterdam/restaurant/pepenero-cucina-pizza
"De ‘home-base’ van Ron himself, waar het gastrobar avontuur begon. In de stijlvolle zaak met met mooiste terras van Zuid staat culinair genieten voorop.",https://www.debuik.nl/amsterdam/restaurant/ron-gastrobar
"Delicatessenwinkel met zelfgemaakte patisserie, jams en mayonaise, bijzondere wijnen, verse kaas en vleeswaren en brood van topkwaliteit.",https://www.debuik.nl/amsterdam/restaurant/le-salonard
Demetra,https://www.debuik.nl/amsterdam/restaurant/demetra
"Dennis Huwaë heeft Daalder verhuisd naar de Postjesweg. De omgeving is compleet veranderd, het eten en de service blijven zoals ze waren: overdonderend.",https://www.debuik.nl/amsterdam/restaurant/daalder-nieuw
"Desembakkerij Fort Negen heeft een sandwichbar geopend. Hier ga je naartoe voor koffie met een amandelcroissant of een sandwich, zoals de aubergine schnitzel.",https://www.debuik.nl/amsterdam/restaurant/fort-negen-sandwichbar
Deze Italiaanse parel op de Tweede Helmersstraat serveert pure gerechten van een Ligurische chef met goede wijnen van de sommelier.,https://www.debuik.nl/amsterdam/restaurant/osteria-moderna
"Deze kleine zaak draagt al jaren een Michelinster. Bij Lastage draait het om de beste ingrediënten uit de polders, bereid met Franse techniek, op moderne wijze geserveerd.",https://www.debuik.nl/amsterdam/restaurant/lastage
Deze ruime pizzeria is inmiddels op hun derde locatie in noord beland en biedt naast pizza's en (natuur)wijnen ook veel gezelligheid.,https://www.debuik.nl/amsterdam/restaurant/klaproos
"Deze trendy Indiër, biedt een mooie dwarsdoorsnede van de Indiase streetfood cultuur. De zaak is kleurig, de gerechten zijn kruidig (niet te) en betaalbaar.",https://www.debuik.nl/amsterdam/restaurant/29-spices
Deze tropische huiskamer in Amsterdam-Oost is de hele dag open. Je nieuwe favoriete stamkroeg serveert Frans-Mediterrane happen en dranken.,https://www.debuik.nl/amsterdam/restaurant/bar-botanique
Deze vestiging van BAUT zit boven het Ziggo Dome tegenover de Johan Cruijff ArenA en is dé plek om voor een concert of voetbalwedstrijd een hapje te gaan eten.,https://www.debuik.nl/amsterdam/restaurant/baut-backstage
Dignita,https://www.debuik.nl/amsterdam/restaurant/dignita
Dignita Hoftuin,https://www.debuik.nl/amsterdam/restaurant/dignita-hoftuin
Dinette,https://www.debuik.nl/amsterdam/restaurant/dinette
"Dit is de plek voor je bitterballen. Meer dan 25 verschillende soorten kun je hier bestellen met een leuke wijn,bier en gin & tonic kaart",https://www.debuik.nl/amsterdam/restaurant/bar-bitterbal
"Dit is een op Scandinavische leest geschoeid ontbijt, lunch en koffiezaak veel aandacht voor zowel het eten als de koffie in een Scandinavisch interieur.",https://www.debuik.nl/amsterdam/restaurant/scandinavian-embassy
"Dit is een van de wijnhotspots van Amsterdam, met een wijnbar in het souterrain en een licht restaurant op de beletage, alles aan de Prinsengracht.",https://www.debuik.nl/amsterdam/restaurant/sinck
"Dit kleine Japanse winkeltje in de Pijp verkoopt onigiri in acht verschillende soorten en trekt daarmee liefhebbers van heinde en ver. Daarnaast zijn er veel Japanse snacks en drankjes te koop. Loop de zaak in, pak de onigiri (en eventueel een drankje) uit de koeling en reken af. Binnen eten is niet op dit moment niet mogelijk.",https://www.debuik.nl/amsterdam/restaurant/onigiri-ya
Dit restaurant ligt aan de Amstel net voorbij het Martin Luther Kingpark en heeft eigen parkeerplaatsen en een ruim terras met zicht op de Amstel.,https://www.debuik.nl/amsterdam/restaurant/amstel-boathouse
Domenica serveert de Mediterrane keuken met ook altijd een paar Italiaanse klassiekers. Het terras op de Noordermarkt is in de zomer een van de fijnste plekken van Amsterdam.,https://www.debuik.nl/amsterdam/restaurant/restaurant-domenica
Door 74,https://www.debuik.nl/amsterdam/restaurant/door-74
"Door 74 is een ""verstopte"" speakeasy cocktailbar in het midden van Amsterdam. Als je de drukte even wil ontsnappen bel Door 74 dan even en laat een voicemail achter of stuur een sms.",https://www.debuik.nl/amsterdam/restaurant/door-74
Dough Studio by Pizza Project,https://www.debuik.nl/amsterdam/restaurant/dough-studio-by-pizza-project
Dough Studio in Amsterdam-Oost serveert ambachtelijke schiacciata-sandwiches op focaccia – een Italiaanse lunchfavoriet in moderne setting.,https://www.debuik.nl/amsterdam/restaurant/dough-studio-by-pizza-project
Dudok aan 't IJ,https://www.debuik.nl/amsterdam/restaurant/dudok-aan-t-ij
Duende,https://www.debuik.nl/amsterdam/restaurant/duende
"Duende is een stukje Spanje in de Jordaan. Al meer dan 25 jaar kan je hier terecht voor tapas, live flamenco optredens en dansles.",https://www.debuik.nl/amsterdam/restaurant/duende
Duurzaamheid en daarmee groenten spelen bij Morris en Bella de hoofdrol.,https://www.debuik.nl/amsterdam/restaurant/moris-en-bella
EAST,https://www.debuik.nl/amsterdam/restaurant/east
"ELA is een kleine maar fijne, gezellige all-day plek, met een Mediterrane keuken voor een snel bakkie of een lekkere hap.",https://www.debuik.nl/amsterdam/restaurant/ela-restobar
ELA restobar,https://www.debuik.nl/amsterdam/restaurant/ela-restobar
Eatmosfera Oost,https://www.debuik.nl/amsterdam/restaurant/eatsmosfera-oost
"Eatmosfera Oost combineert de ongedwongen gezelligheid van een buurtpizzeria met geheel eigen culinaire signatuur, met zuurdesempizza vergezeld van natuurwijnen in de hoofdrollen.",https://www.debuik.nl/amsterdam/restaurant/eatsmosfera-oost
Echte Amerikaanse bagels met liefde gebakken bij Flo's Appetizing,https://www.debuik.nl/amsterdam/restaurant/flo-s-appetizing
"Een begrip in Amsterdam. Het menu bij hemelse modder weerspiegelt het seizoen en onze samenleving, en dat allemaal met producten uit de streek.",https://www.debuik.nl/amsterdam/restaurant/hemelse-modder
"Een combinatie van de haut couture van Parijs met de glamour van het Londense Mayfair. Bourgondisch, stijlvol met veel inspiratie uit Vlaanderen en Zeeland.",https://www.debuik.nl/amsterdam/restaurant/restaurant-bar-bisous
Een echte farm-to-table ervaring heb je op het Landgoed Rorik waar chefs Kees Elferink en Lenny Ystra gerechten maken met de groenten uit eigen tuin.,https://www.debuik.nl/amsterdam/restaurant/wegrestaurant-zacht-staal
"Een eclectische huiskamer voor de buurt en de passagiers van station Lelylaan, Bar Restaurant LELY is er de hele dag voor iedereen.",https://www.debuik.nl/amsterdam/restaurant/bar-restaurant-lely
Een gezellig café met uitzicht op De IJ-banken. Een gezellig plekje in Amsterdam-Noord om een drankje te drinken of uitgebreid te lunchen of dineren.,https://www.debuik.nl/amsterdam/restaurant/noorderlicht
"Een gezellig koffie,lunch en ontbijtzaak dichtbij de Rai.",https://www.debuik.nl/amsterdam/restaurant/at-seven
Een klassiek Amsterdam’s eetcafé in Zuid met de sfeer van een grand café met artdeco elementen. Hier eet je klassieke gerechten met een creatieve twist.,https://www.debuik.nl/amsterdam/restaurant/eetcaf-schotsheuvel
Een klassieker. Geopend nog voordat iedereen aan de burgers gingen en nog steeds onverminderd populair. De vestiging in de Jordaan is de eerste.,https://www.debuik.nl/amsterdam/restaurant/burgermeester
"Een modern levendig stijlvol Italiaans restaurant midden in de Jordaan, met klein terras voor de deur en wekelijks wisselend menu en uitgebreide wijnkaart.",https://www.debuik.nl/amsterdam/restaurant/la-fiorita
Een mooi plekje om van een lunch en diner te genieten. Met romantisch uitzicht op de molen van Brouwerij ‘t IJ en over het water van de Oostenburgergracht.,https://www.debuik.nl/amsterdam/restaurant/de-kop-van-oost
"Een ontzettend fijne plek in het Erasmuspark waar je kunt ontbijten, lunchen en borrelen.",https://www.debuik.nl/amsterdam/restaurant/terrasmus
"Een relax momentje pak je bij Shake City. Op de Overtoom wordt hier gezond en lekker tot één geschud tijdens ontbijt, lunch of tussendoor.",https://www.debuik.nl/amsterdam/restaurant/shake-city
Een restaurant en club van de eigenaren van o.a. Bubbels. Hier start je met finedining en gedurende de avond verandert het restaurant langzaam in een club.,https://www.debuik.nl/amsterdam/restaurant/mewe
"Een restobar ,waar de moderne en de klassieke Japanse keuken elkaar ontmoeten in een barsetting, niet met een wijnkaart maar met een uitgebreide sakekaart.",https://www.debuik.nl/amsterdam/restaurant/utage-sake-bar
"Een restobar waar wijn en lekker, vaak Franse, gerechten op het menu staan in de sfeer van een Frans Cafe met een leuk terras voor de deur.",https://www.debuik.nl/amsterdam/restaurant/parlotte
Een van de beste plekken in Amsterdam voor goede dim sum.,https://www.debuik.nl/amsterdam/restaurant/full-moon-garden
"Een volledig plantaardig buffet, dat vind je bij Spirit. De gerechten zijn dagvers en als je strategisch opschept, kun je ze allemaal proeven.",https://www.debuik.nl/amsterdam/restaurant/spirit
"Een wijnbar nieuwe stijl, restobar, waar een uitzonderlijke wijnkaart en simpele maar goede gerechten hand-in-hand gaan.",https://www.debuik.nl/amsterdam/restaurant/zoldering
"Een ‘niks aan de hand’ brasserie aan de singel en achterzijde van winkelcentrum Kalvertoren. Prima voor een bite, lunch of glas wijn.",https://www.debuik.nl/amsterdam/restaurant/calf-bloom
Eetcafé Edita,https://www.debuik.nl/amsterdam/restaurant/eetcaf-edita
Eetcafé Maud,https://www.debuik.nl/amsterdam/restaurant/eetcafe-maud
Eetcafé Schotsheuvel,https://www.debuik.nl/amsterdam/restaurant/eetcaf-schotsheuvel
Eetcafé Wijmpje Beukers,https://www.debuik.nl/amsterdam/restaurant/eetcafe-wijmpje-beukers
Elements,https://www.debuik.nl/amsterdam/restaurant/elements
Elements is het opleidingsrestaurant van het ROC en de kans om de toekomstige Horecatoppers in de bediening.,https://www.debuik.nl/amsterdam/restaurant/elements
Elevate Coffee Lab,https://www.debuik.nl/amsterdam/restaurant/elevate-coffee-lab
"Elevate Coffee Lab in de Pijp in Amsterdam: handgezette filterkoffie, dagelijks vers getest, workshops, cuppings. Een must-visit voor koffieliefhebbers!",https://www.debuik.nl/amsterdam/restaurant/elevate-coffee-lab
Elian Muller kenden we al van Vinkeles en als chef bij Fosbury & Sons. Nu heeft hij zijn eigen restaurant FYR waar modern Nederlands wordt gekookt.,https://www.debuik.nl/amsterdam/restaurant/fyr
Elixer,https://www.debuik.nl/amsterdam/restaurant/elixer
Entrepot is ruim en warm modern ingericht in een puntgaaf historisch Amsterdams gebouw. De keuken is modern Europees met veel aandacht voor het ingrediënt.,https://www.debuik.nl/amsterdam/restaurant/restaurant-entrepot
Enté,https://www.debuik.nl/amsterdam/restaurant/ente
"Enté is eetcafé nouveau stijl aan de Lindengracht, waar je kan komen voor een biertje of een glas wijn maar ook uitgebreid kunt eten.",https://www.debuik.nl/amsterdam/restaurant/ente
"Er komen twee horecaplekken van de Willem in de monumentale Haarlemmerpoort, links het cafe voor lunch, drinks en bites en straks rechts het restaurant.",https://www.debuik.nl/amsterdam/restaurant/de-willem
Ervaar tijdloze Franse gerechten met Aziatische twist bij Jasper Videler’s restaurant op de Ceintuurbaan. Sfeervol en modern!,https://www.debuik.nl/amsterdam/restaurant/jaspers
Esh Pitaria & Bar,https://www.debuik.nl/amsterdam/restaurant/esh-pitaria-bar
Esra,https://www.debuik.nl/amsterdam/restaurant/esra
"Esra, het restaurant van Steph en Selin, is geopend in het oude Beefchief Oost met een Mediterrane keuken, inclusief Turks-Cypriotische invloeden.",https://www.debuik.nl/amsterdam/restaurant/esra
"Eten alsof je aan de vismarkt zit in een klein dorpje in Italië of Frankrijk, zo voelt het om te eten bij Pesca. Veel keuze, verse vis en een fijne sfeer in dit ""theater van de vis”.",https://www.debuik.nl/amsterdam/restaurant/pesca
Eten wat de pot schaft. Dat doe je bij de table d’hote van de broers Hartering. Met veel aandacht voor orgaanvlees en mooie wijnen.,https://www.debuik.nl/amsterdam/restaurant/restaurant-gebr-hartering
Euro Pizza,https://www.debuik.nl/amsterdam/restaurant/euro-pizza
FAAM,https://www.debuik.nl/amsterdam/restaurant/faam
FC Hyena,https://www.debuik.nl/amsterdam/restaurant/fc-hyena
FYR,https://www.debuik.nl/amsterdam/restaurant/fyr
Fa. Pekelhaaring,https://www.debuik.nl/amsterdam/restaurant/fa-pekelhaaring
"Faam is een gezellige pizzeria en traiteur met antipasti, pizza’s, melanzane uit de houtoven.",https://www.debuik.nl/amsterdam/restaurant/faam
Familierestaurants bestaan nog. Zo word je bij Café verzorgd door vader Alain Caron en zijn zoons David en Tom. Zodra je binnenstapt voel je je gelijk thuis.,https://www.debuik.nl/amsterdam/restaurant/caf-caron
Ferry,https://www.debuik.nl/amsterdam/restaurant/ferry
Fikissimo,https://www.debuik.nl/amsterdam/restaurant/fikissimo
"Fikissimo, glamour op de Eerste Constantijn Huygensstraat.",https://www.debuik.nl/amsterdam/restaurant/fikissimo
Fiko,https://www.debuik.nl/amsterdam/restaurant/fiko
"Fine dining aan zee bij Ron Gastrobar bij de C in Bloemendaal: deelgerechten, oesters & duinterras in relaxte strandsfeer.",https://www.debuik.nl/amsterdam/restaurant/ron-gastrobar-bij-de-c
Fiona,https://www.debuik.nl/amsterdam/restaurant/fiona
Fiona serveert de keuken van de beroemde Mexicaanse chef Zahie Tellez. In een kleurrijk interieur eet je Mexicaans met een Nederlandse touch.,https://www.debuik.nl/amsterdam/restaurant/fiona
Five Ways Coffee,https://www.debuik.nl/amsterdam/restaurant/five-ways-coffee
"Flexwerken, ontbijten en lunchen en het gemeenschapsgevoel ervaren: dat kan bij The Villy Rhapsody in Bos en Lommer Amsterdam.",https://www.debuik.nl/amsterdam/restaurant/the-villy-rhapsody
Flo's Appetizing,https://www.debuik.nl/amsterdam/restaurant/flo-s-appetizing
Floor17 - Leonardo Hotel Amsterdam Rembrandtpark,https://www.debuik.nl/amsterdam/restaurant/floor17-ramada-apollo
Flore,https://www.debuik.nl/amsterdam/restaurant/flore
Florentin,https://www.debuik.nl/amsterdam/restaurant/florentin
Flying Dutchmen,https://www.debuik.nl/amsterdam/restaurant/flying-dutchmen
"Flying Dutchmen is een kleine, intieme en sfeervolle cocktailbar, waar je de echte klassiekers zoals een mojito bestelt of terecht kunt voor een toffe workshop.",https://www.debuik.nl/amsterdam/restaurant/flying-dutchmen
Foer,https://www.debuik.nl/amsterdam/restaurant/foer
"Foer komt van foerageren ofwel wildplukken, aangevuld met vooral groenten van kleine telers.",https://www.debuik.nl/amsterdam/restaurant/foer
Foodhallen Amsterdam,https://www.debuik.nl/amsterdam/restaurant/foodhallen-amsterdam
Footnote Coffee,https://www.debuik.nl/amsterdam/restaurant/footnote-coffee
"Footnote Coffee is een specialty koffiebar. Eigenaar Kaspar is tweemaal Nederlands kampioen Latte Art, dus verwacht veel aandacht bij de presentatie.",https://www.debuik.nl/amsterdam/restaurant/footnote-coffee
Fort Negen,https://www.debuik.nl/amsterdam/restaurant/fort-negen
Fort Negen Sandwichbar,https://www.debuik.nl/amsterdam/restaurant/fort-negen-sandwichbar
Fort Negen bakt sinds 2018 zuurdesembroden die goed in de smaak vielen bij diverse restaurants. Inmiddels worden er ook gebakjes en croissants gemaakt.,https://www.debuik.nl/amsterdam/restaurant/fort-negen
Fosfor,https://www.debuik.nl/amsterdam/restaurant/fosfor
Fou Fow Ramen,https://www.debuik.nl/amsterdam/restaurant/fou-fow-ramen
Franz,https://www.debuik.nl/amsterdam/restaurant/franz
"Franz brengt de hotdog terug naar Amsterdam: ambachtelijke worsten op briochebroodjes, verrassende sides en een terras aan de gracht.",https://www.debuik.nl/amsterdam/restaurant/franz
Franzen,https://www.debuik.nl/amsterdam/restaurant/franzen
Fred's Kitchen,https://www.debuik.nl/amsterdam/restaurant/fred-s-kitchen
Frederieke Bloem heeft een plek gevonden voor Copain in Noord. Hier ligt de nadruk op groenten uit de keuken en zijn de bites echte kunstwerkjes.,https://www.debuik.nl/amsterdam/restaurant/copain
Friedhats FUKU Café,https://www.debuik.nl/amsterdam/restaurant/friedhats-fuku-cafe
Friedhats FUKU Café in Amsterdam-West serveert specialty coffee van eigen branderij in iconische pillenpotten. Een must voor echte koffieliefhebbers.,https://www.debuik.nl/amsterdam/restaurant/friedhats-fuku-cafe
Frietboutique Amsterdam,https://www.debuik.nl/amsterdam/restaurant/frietboutique-amsterdam
FuLu Mandarijn,https://www.debuik.nl/amsterdam/restaurant/fulu-mandarijn
Fuku Ramen,https://www.debuik.nl/amsterdam/restaurant/fuku-ramen
Fuku Ramen is het ramenrestaurant van Jakub en Aleksandra. In de zijstraat van de Linneausstraat eet je ramen met noedels of een uitgebreider chefsmenu.,https://www.debuik.nl/amsterdam/restaurant/fuku-ramen
Full Moon Garden,https://www.debuik.nl/amsterdam/restaurant/full-moon-garden
GAPP,https://www.debuik.nl/amsterdam/restaurant/hopp-hotel-casa
GAPP vernoemd naar een van de oprichters van Hotel Casa is het dakterras en biertuin op de 8e etage van Casa.,https://www.debuik.nl/amsterdam/restaurant/hopp-hotel-casa
Garage Noord,https://www.debuik.nl/amsterdam/restaurant/garage-noord
Gartine,https://www.debuik.nl/amsterdam/restaurant/gartine
Gebrouwen door Vrouwen BAR,https://www.debuik.nl/amsterdam/restaurant/gebrouwen-door-vrouwen-bar
Geniet bij Rosti in Amsterdam van sfizi zoals arancini en focaccia van 36 uur gerezen deeg. Favoriet: focaccia pistachio met mortadella en pistachepesto.,https://www.debuik.nl/amsterdam/restaurant/rosti
"Geniet bij Venus & Adonis aan de gracht in Amsterdam van topwijnen, verfijnde hapjes en een Franse keuken met een gedurfde, Amsterdamse twist.",https://www.debuik.nl/amsterdam/restaurant/venus-adonis
"Geniet van ambachtelijk handgetrokken noedels bij Yellow River Lanzhou in Amsterdam. Van rundersoep tot roergebakken noedels, ook om af te halen.",https://www.debuik.nl/amsterdam/restaurant/yellow-river-amsterdam
Genki Garden,https://www.debuik.nl/amsterdam/restaurant/genki
Genoemd naar de hippe buurt in Tel Aviv brengt Florentin de authentieke Israëlische brunch naar Amsterdam.,https://www.debuik.nl/amsterdam/restaurant/florentin
Genoemd naar het liedje van de Beach Boys is deze all-day locatie met Internationale keuken op het nieuwe Zeeburgereiland. Met veel (speel) ruimte om te picknicken.,https://www.debuik.nl/amsterdam/restaurant/kokomo
Gent aan de Schinkel,https://www.debuik.nl/amsterdam/restaurant/gent-aan-de-schinkel
"Gent, vanwege de uitgebreide Belgische bierkaart, ligt met terras aan de Schinkel en serveert smakelijk brasseriegerechten van lokale producenten.",https://www.debuik.nl/amsterdam/restaurant/gent-aan-de-schinkel
Gertrude,https://www.debuik.nl/amsterdam/restaurant/gertrude
Gertrude is een restaurant en bar ineen en geïnspireerd op een Frans buurtrestaurant met kleine gerechtjes en veel aandacht voor wijnen.,https://www.debuik.nl/amsterdam/restaurant/gertrude
"Gezellige bruine kroeg om de hoek bij het Heinekenplein waar je terecht kunt voor een kopstootje, maar ook voor traditionele Hollandse kost.",https://www.debuik.nl/amsterdam/restaurant/cafe-freddy
Gezellige buurtkroeg van de Czaar Peterbuurt waar veel activiteiten worden georganisserd en je terecht kunt voor een simpele maaltijd,https://www.debuik.nl/amsterdam/restaurant/czaar
Gifu Ramen Bar,https://www.debuik.nl/amsterdam/restaurant/gifu-ramen-bar
"Gifu Ramen Bar: high-end ramen in de Jordaan met luxe varianten zoals Wagyu-ramen. Geniet in een stijlvolle, comfortabele setting!",https://www.debuik.nl/amsterdam/restaurant/gifu-ramen-bar
Gio's by the River,https://www.debuik.nl/amsterdam/restaurant/gio-s-by-the-river
Gio’s biedt de Italiaanse regionale keuken in een extravagant Italiaanse interieur.,https://www.debuik.nl/amsterdam/restaurant/gio-s-by-the-river
Gitane,https://www.debuik.nl/amsterdam/restaurant/gitane
Gitane is het restaurant van chef Angelo Kremmydas in een hoekpand in West. Hier eet je pure en a-la-carte gerechten tegen een aantrekkelijke prijs.,https://www.debuik.nl/amsterdam/restaurant/gitane
Gloria's,https://www.debuik.nl/amsterdam/restaurant/de-tulp
Glouglou,https://www.debuik.nl/amsterdam/restaurant/glou-glou
Glouglou was de eerste natuurlijke wijnbarvan Amsterdam. Hier drink je bijzondere wijnen van deels eigen import en eet er traditionele Franse gerechtjes bij.,https://www.debuik.nl/amsterdam/restaurant/glou-glou
Goed borrelen doe je bij Gloria's op het Marie Heinekenplein. Op het plein waan je je in een tropische tuin. Neem wat te drinken en bestel een van de verschillende planken om te delen.,https://www.debuik.nl/amsterdam/restaurant/de-tulp
Goodies Amsterdam,https://www.debuik.nl/amsterdam/restaurant/goodies-amsterdam
Goodies is gelegen in de bekende 9 Straatjes in Amsterdam Centrum.,https://www.debuik.nl/amsterdam/restaurant/goodies-amsterdam
Grammes,https://www.debuik.nl/amsterdam/restaurant/grammes
"Grammes aan de Maasstraat is een Franse banketbakkerij van Nawal Batoun en Maxime Papin, die een stukje Frans toepast in iedereens favoriete patisserie.",https://www.debuik.nl/amsterdam/restaurant/grammes
Groot Melkhuis,https://www.debuik.nl/amsterdam/restaurant/groot-melkhuis
Gyojasang,https://www.debuik.nl/amsterdam/restaurant/gyojasang
Hachi,https://www.debuik.nl/amsterdam/restaurant/hachi
"Hachi is een bar met een tikkeltje (lekkere) ordi inrichting van Japans artwork, jungle prints tot een fotobooth en cocktails zijn geïnspireerd op klassiekers, maar met een eigen twist.",https://www.debuik.nl/amsterdam/restaurant/hachi
Hakata Senpachi,https://www.debuik.nl/amsterdam/restaurant/hakata-senpachi
"Hakata, met de sfeer van ee Japans eetcafe, is een van de weinig specialistische yakatorizaken in Amsterdam.",https://www.debuik.nl/amsterdam/restaurant/hakata-senpachi
"Hang-out voor Aussie ontbijt, brunch, koffie of lunch en diner met natuurlijke wijnen bijna tegenover Artis.",https://www.debuik.nl/amsterdam/restaurant/box-sociaal
Hangar,https://www.debuik.nl/amsterdam/restaurant/hangar
Hangar is fantastisch gelegen met misschien wel het mooiste terras aan ‘t IJ. De plek voor een cocktail of drankje met wat barbites.,https://www.debuik.nl/amsterdam/restaurant/hangar
Hans Im Glück,https://www.debuik.nl/amsterdam/restaurant/hans-im-gluck
"Hasta La Vista, Baby",https://www.debuik.nl/amsterdam/restaurant/hasta-la-vista-baby
Heemelrijck Leidseplein,https://www.debuik.nl/amsterdam/restaurant/heemelrijck-leidseplein
Heineken Hoek,https://www.debuik.nl/amsterdam/restaurant/heineken-hoek
Heineken Hoek Bistro,https://www.debuik.nl/amsterdam/restaurant/heineken-hoek-bistro
Heineken Hoek is een grand café in Hotel The Diamond. Het grand café is elke dag geopend waar je de hele dag terecht kunt voor diverse gerechten.,https://www.debuik.nl/amsterdam/restaurant/heineken-hoek
Helling 7,https://www.debuik.nl/amsterdam/restaurant/helling-7
Hemelse Modder,https://www.debuik.nl/amsterdam/restaurant/hemelse-modder
Hendrix,https://www.debuik.nl/amsterdam/restaurant/hendrix
Herman & Herman,https://www.debuik.nl/amsterdam/restaurant/herman-herman
"Herman & Herman is een gezellig eetcafé op Beukenplein, Amsterdam-Oost, met huisgemaakte apfelstrudel, een kabouterbier van de tap en klassieke gerechten",https://www.debuik.nl/amsterdam/restaurant/herman-herman
Het Broeker Huis,https://www.debuik.nl/amsterdam/restaurant/het-broeker-huis
Het Lagerhuys,https://www.debuik.nl/amsterdam/restaurant/het-lagerhuys
"Het Lagerhuys serveert vijftig tapbieren. Een echt Amsterdams plekje in het toeristische hart van de stad met lekker bier, goede wijnen en comfortfood.",https://www.debuik.nl/amsterdam/restaurant/het-lagerhuys
Het Latijns- Amerikaanse restaurant Sal Muera is te vinden in de Jordaan. Op de kaart staan onder andere verschillende ceviche gerechten en streetfood.,https://www.debuik.nl/amsterdam/restaurant/sal-muera
"Het Wilhelmina Café is een plek waar je op elk moment van de dag terecht kan, of je nou wil ontbijten met een krentenbol of even goed wil borrelen.",https://www.debuik.nl/amsterdam/restaurant/caf-wilhelmina
Het circulaire restaurant Elixer focust zich op duurzaamheid en lekker eten. Hier kun je culinair uit eten en genieten van echte lokale ingrediënten.,https://www.debuik.nl/amsterdam/restaurant/elixer
Het culinaire geheim van Amsterdam zit verstopt in een zijstraatje tussen de Herengracht en Singel. In dit kleine restaurant is chef en fervente wildplukker Bas Bont zeer creatief in de keuken terwijl zijn vrouw Lisja voor top wijn-spijs combinaties zorgt.,https://www.debuik.nl/amsterdam/restaurant/beulings
Het eerste West-Afrikaanse fine-dining restaurant is open aan de Nassaukade voor diner en lunch rondom het weekend met een chefsmenu en a-la-carte keuze.,https://www.debuik.nl/amsterdam/restaurant/restaurant-kenneh
Het heerlijke Libanese streetfood van The Libanese Sajeria is nu ook te vinden aan de Utrechtsestraat.,https://www.debuik.nl/amsterdam/restaurant/the-libanese-sajeria-utrechtsestraat
Het kleinste restaurant van Europa zit in een oud grachtenpand in het centrum van Amsterdam. De authentieke pannenkoeken die hier geserveerd worden zijn zeker het proeven waard!,https://www.debuik.nl/amsterdam/restaurant/upstairs-pannekoekenhuis
Het koppel (J)ulius en (A)my runnen een intiem sfeervol haast huiskamer restaurant waar Julius de keuken voor zijn rekening neemt en Amy voor de (bijzondere) wijnpairing zorgt.,https://www.debuik.nl/amsterdam/restaurant/restaurant-ja
Het laatste paviljoen richting Noordwijk is echt een oase van rust vergeleken met druk Bloemendaal en Zandvoort. Rijkelijk groente op het menu.,https://www.debuik.nl/amsterdam/restaurant/fosfor
Het legendarische ‘een vrouws’ restaurant van Hanneke Schouten serveert de klassieke keuken uit Lyon.,https://www.debuik.nl/amsterdam/restaurant/bouchon-de-centre
Het meest relaxte Michelinster restaurant van Amsterdam. Waar chef Alexander Ioannou op een frans-fusion achtige manier plaatjes van gerechten kookt.,https://www.debuik.nl/amsterdam/restaurant/sinne
Het pizza afhaal succes tijdens corona van Europa werd direct na de lockdown een pizzabar met pizza’s en een a-la-carte menu van kleine creatieve gerechtjes,https://www.debuik.nl/amsterdam/restaurant/euro-pizza
Het restaurant van Michael Wolf serveert verfijnde gerechten in de vorm van verschillende steeds wisselende menu’s.,https://www.debuik.nl/amsterdam/restaurant/wolf-atelier
Het restaurant van chef Stefan van Sprang en maître Robbert Veuger aan de Amstelveense Poel is altijd ‘een zekerheidje' voor de gastronomische genieter.,https://www.debuik.nl/amsterdam/restaurant/aan-de-poel
Het restaurant van het Concertgebouw voor brunch of diner afgestemd op de voorstellingstijden. Alleen toegankelijk tegelijk met kaartje voor een optreden.,https://www.debuik.nl/amsterdam/restaurant/restaurant-lier
Het restaurant van het Volkshotel voor lunch en diner met een fantastisch uitzicht op de 7e etage.,https://www.debuik.nl/amsterdam/restaurant/canvas-volkshotel
Het stel achter de beste Koreaanse foodtruck en later het beste Koreaanse restaurant in Zwitserland hebben nu een eigen restaurant in de Jordaan.,https://www.debuik.nl/amsterdam/restaurant/insaeng
Het team achter 212 heeft geholpen om de voormalige Auberge Jean & Marie nieuw leven in te blazen. Veel origineler dan hier wordt de Cuisine Française niet.,https://www.debuik.nl/amsterdam/restaurant/auberge-jean-marie
Het team van Café Beurre zien dat het ook mogelijk is om op een respectvolle manier met vlees en vis te koken.,https://www.debuik.nl/amsterdam/restaurant/petit-peche
Het teppanyakirestaurant Sazanka is te vinden in Hotel Okura in de Pijp. In het restaurant met één Michelinster is het eten van de grill een luxueuze ervaring.,https://www.debuik.nl/amsterdam/restaurant/sazanka
Het tweede project van Manuel Broekman is een nieuwe eetcafé stijl. Maud serveert een a-la-carte menu met gerechten op ‘restaurant’ niveau en prijzen.,https://www.debuik.nl/amsterdam/restaurant/eetcafe-maud
Het tweede restaurant van Bolenius komt op de begane grond van Rembrandt Park One met een terras aan de vijver en het park.,https://www.debuik.nl/amsterdam/restaurant/bolenius-rembrandtpark
Het vlaggeschip van Alain Caron en zijn zonen. De industriële setting met open keuken past perfect bij de Franse gerechten die daar worden geserveerd.,https://www.debuik.nl/amsterdam/restaurant/cantine-de-caron
Het ‘proeflokaal’ van L’Atelier de Champagne heeft niet alleen veel champagnes per glas of fles maar ook ‘eenvoud in prefectie’ happen.,https://www.debuik.nl/amsterdam/restaurant/bar-du-champagne
"Hier brengen Martin de Nes, Tobias Kuijt en chef Joep Hermans hun ervaringen samen, waar op open vuur gekookt wordt met een uitgebreide wijnkaart.",https://www.debuik.nl/amsterdam/restaurant/badcuyp
"Hier combineert Baut het beste van alle edities van de pop-up’s in combinatie met een spannende drankenkaart, van bier tot cocktails en mooie wijnkaart.",https://www.debuik.nl/amsterdam/restaurant/bar-baut-zuid
"Hier combineert Cheng Chen, de voormalige chef van Geisha, zijn sushi skills met de populairste gerechten van Azie in een eetcafe (cha-house) achtige setting.",https://www.debuik.nl/amsterdam/restaurant/mister-chen
Hier eten je in een huiskamersfeer de pizza direct uit de houtoven.,https://www.debuik.nl/amsterdam/restaurant/la-maria
Hier gaan we niet te veel woorden aan vuil maken. Ga naar Broodje Bert voor een zeer smakelijk en goedgevuld broodje. Gewoon een keertje doen.,https://www.debuik.nl/amsterdam/restaurant/broodje-bert
Hier houdt Massimo Bertonasco vast aan de oude traditie van echte Italiaanse Gelato met bijzondere smaken geeft dat altijd een kleine rij voor de deur.,https://www.debuik.nl/amsterdam/restaurant/massimo-gelato
Hier is het alleen natuurwijn wat de klok slaat in een fijne internationale ‘foodbar’ omgeving waar de hapjes Frans-Japans georiënteerd zijn.,https://www.debuik.nl/amsterdam/restaurant/bottleshop-amsterdam
Hier proef je de keuken van het hoogste punt van Europa: de Mont Blanc. Genieten maar van de Savoie keuken (Frans-Zwitsers) op topniveau.,https://www.debuik.nl/amsterdam/restaurant/mont-blanc
"Hier snoep je verschillende versies brioches met als onze favorieten de praline en chocolade mini brioches. Prima plek voor ontbijt, lunch of koffiemoment.",https://www.debuik.nl/amsterdam/restaurant/brioche
Hier worden de betere ramen van Amsterdam geserveerd in een kleine 20 verschillende varianten met een uitgebreide sake kaart.,https://www.debuik.nl/amsterdam/restaurant/sapporo-ramen-sora
Hier wordt de perfecte traditionele Napolitaanse pizza geserveerd met soms een moderne twist wat toppings betreft in combinatie met een mooie wijnkaart,https://www.debuik.nl/amsterdam/restaurant/nnea
Hier zijn ze BBQ specialist op de Big Green Egg maar lunchen met eggs benedict of uitgebreid borrelen kan natuurlijk ook.,https://www.debuik.nl/amsterdam/restaurant/marathonweg
Hoogwaardige Aziatische fusion eet je bij Taiko. Bereidt door Schilo van Coevorden in een ongedwongen sfeer.,https://www.debuik.nl/amsterdam/restaurant/taiko
Hosokawa,https://www.debuik.nl/amsterdam/restaurant/hosokawa
"Hosokawa is een modern, Japans restaurant, waar je kan plaatsnemen aan de teppanyaki, in het restaurant of aan de sushibar.",https://www.debuik.nl/amsterdam/restaurant/hosokawa
Hot & Hot Chinatown,https://www.debuik.nl/amsterdam/restaurant/hot-hot-chinatown
Hot & Hot Hobbemakade,https://www.debuik.nl/amsterdam/restaurant/hot-hot-hobbemakade
Hot & Hot eten uit een hotpot is hot! Na een locatie in Rotterdam is ook deze tweede locatie geopend in Amsterdam bij het Museumplein.,https://www.debuik.nl/amsterdam/restaurant/hot-hot-hobbemakade
Hotel de Goudfazant,https://www.debuik.nl/amsterdam/restaurant/hotel-de-goudfazant
House of Watt,https://www.debuik.nl/amsterdam/restaurant/house-of-watt
Hummus bistro d&a,https://www.debuik.nl/amsterdam/restaurant/hummus-bistro-d-a
IJver,https://www.debuik.nl/amsterdam/restaurant/ijver
Ikaria Park,https://www.debuik.nl/amsterdam/restaurant/ikaria-park
"Ikaria bevindt zich op een charmante locatie in het Bilderdijkpark, met een gezellig terras. Hier wordt modern Grieks gekookt met Griekse wijnen.",https://www.debuik.nl/amsterdam/restaurant/ikaria-park
In 1995 openden Karin Gaasterland met haar neef Alain Parry Balthazar’s keuken sindsdien is het ‘huiskamer’ restaurant met het dagverse menu een begrip in Amsterdam.,https://www.debuik.nl/amsterdam/restaurant/balthazar-s-keuken
"In De Pijp, om de hoek van grote broer Café Caron, zit nu bar à manger Petit Caron. Een neobistro waar het vriendelijke personeel je een thuisgevoel geeft.",https://www.debuik.nl/amsterdam/restaurant/petit-caron
"In Hotel Casa zit restaurant EAST. Hier kun je terecht voor ontbijt, lunch en diner.",https://www.debuik.nl/amsterdam/restaurant/east
"In Oud-West vind je La Parole, een on-pretentieus Frans 'restaurantje', met klassieke hoogwaardige Franse gerechten voor een toegankelijke prijs.",https://www.debuik.nl/amsterdam/restaurant/la-parole
In Restaurant Omber in Hotel Tivoli Doelen serveert Sergio Borrego Gomez gerechten met texturen met diverse uitersten.,https://www.debuik.nl/amsterdam/restaurant/restaurant-omber
In The Dylan heeft Até zich verscholen: het kleine chef's table restaurant van chef Filip Hanlo. Het minirestaurant heeft maar 6 plaatsen.,https://www.debuik.nl/amsterdam/restaurant/ate-at-the-dylan
In de Baarsjes eet en drink je in dit gezellige en lichte hoekpand-buurtrestaurant goede kwaliteit voor een verrassend lage prijs.,https://www.debuik.nl/amsterdam/restaurant/kien
In de Javastraat is er een nieuwe hotspot geopend genaamd Mitts. Hier kun je Midden-Oosters eten.,https://www.debuik.nl/amsterdam/restaurant/mitts
In de historische boerderij aan de Amstel zit een farm-to-table restaurant met bakkerij en kaasmakerij.,https://www.debuik.nl/amsterdam/restaurant/over-amstel
"In de laatste overgebleven historische boerderij van Watergraafsmeer is een oase van rust. Hier ontsnap je aan de staddrukte voor een borrel, lunch of diner.",https://www.debuik.nl/amsterdam/restaurant/de-vergulden-eenhoorn
"In de schitterend verbouwde diamantbeurs tref je Capital Kitchen. Een restaurant met een duidelijke couleure locale, zowel qua artistieke inrichting als qua menu, waarop bistroklassiekers in het seizoen prijken.",https://www.debuik.nl/amsterdam/restaurant/capital-kitchen
In de wijk De Pijp in Amsterdam zit The Vegan Junk Food Bar. Hier kun je Junkfood gerechten betellen die allemaal vegan zijn.,https://www.debuik.nl/amsterdam/restaurant/vegan-junk-food-bar
In een authentieke stijl serveert Tula overdag een Mexicaanse koffie met een conga en transformeert het in de avond tot een echte Mezcal-bar.,https://www.debuik.nl/amsterdam/restaurant/tula-cantina
In een sfeervolle setting eet je stoere gerechten van het open vuur terwijl er lekker vinyl wordt gedraaid. Een plek aan de bar is hier de beste plek.,https://www.debuik.nl/amsterdam/restaurant/juno
"In een van de meest bijzondere gebouwen aan de Zuidas, The Valley, vind je restaurant Nela. Een restaurant van de Internationale chefs Hari Shetty en Ori Geller (o.a. ex Nobu, The Duchess en Mr Porter) met koken op open vuur en alles in pure vorm van de ingrediënten tot de aankleding.",https://www.debuik.nl/amsterdam/restaurant/nela
"In gebouw 24, een oude koksschool, op het oude marineterrein bij het Scheepvaartmuseum serveert het team van Scheepskameel de frisse Europese keuken met een uitgebreide Duitse wijnkaart.",https://www.debuik.nl/amsterdam/restaurant/scheepskameel
In het Broeker Huis opende Thijs Steur (ex Vuurtoreneiland en Toscanini) zijn restaurant. Verwacht een seizoenskeuken met bereidingen van open (hout)vuur.,https://www.debuik.nl/amsterdam/restaurant/het-broeker-huis
In het Park Frankendael vind je in het koetshuis een van de laatste overgebleven ‘buitenhuizen’ van Amsterdam. Hier wordt verantwoord gekookt met veel ingrediënten uit eigen moestuin.,https://www.debuik.nl/amsterdam/restaurant/merkelbach
In het oude verfpakhuis aan de Prinsengracht huist al jaren het sympathieke visrestaurant John Dory. Een gouwe ouwe voor verrassende bereidingen van kakelverse vis.,https://www.debuik.nl/amsterdam/restaurant/john-dory
"In het voormalig Rosa & Rita zit VRR, samen met Stadsbakkerij As. Het restaurant in deze oude loods biedt pure gerechten met veel Hollandse ingrediënten.",https://www.debuik.nl/amsterdam/restaurant/vrr
InSaeng,https://www.debuik.nl/amsterdam/restaurant/insaeng
"Indonesisch eten aan de Amstel bij Ron Gastrobar Indonesia Amstelveen: rijsttafels, saté & cocktails in stijlvolle setting met terras aan het water.",https://www.debuik.nl/amsterdam/restaurant/ron-gastrobar-indonesia-amstelveen
Intiem izakaya(eethuis)achtige Japanse gastropub met een mooie sake selectie.,https://www.debuik.nl/amsterdam/restaurant/ky
"Italiaans en biologisch slowfood eet je bij Pianeta Terra net buiten het centrum van Amsterdam. Je eet hier pasta's, maar ook Italiaans stoofvlees.",https://www.debuik.nl/amsterdam/restaurant/pianeta-terra
"Italiaanse en Spaanse broodcultuur komen samen met Pan con Tomate en de signature Rosèl met guanciale compote, een must-try voor foodlovers.",https://www.debuik.nl/amsterdam/restaurant/rosel
"Italianen houden van goed eten en goede wijn, maar het gezelschap is net zo belangrijk. Dat wordt meteen duidelijk als je bij TOZI komt eten.",https://www.debuik.nl/amsterdam/restaurant/tozi
Izakaya Asian Kitchen & Bar,https://www.debuik.nl/amsterdam/restaurant/izakaya-asian-kitchen-bar
"Izakaya Asian Kitchen & Bar in De Pijp is een kosmopolitisch en trendy restaurant waar je, overgoten in luxe, Japans eet met een Peruaanse toets.",https://www.debuik.nl/amsterdam/restaurant/izakaya-asian-kitchen-bar
JWO Lekkernijen,https://www.debuik.nl/amsterdam/restaurant/jwo-lekkernijen
Jack Dish,https://www.debuik.nl/amsterdam/restaurant/jack-dish
"Jack Dish is een heerlijke plek om plaats te nemen in de zomer, maar ook om warm te worden van de heerlijke lunchgerechten, borrelhappen of dinerkaart!",https://www.debuik.nl/amsterdam/restaurant/jack-dish
Jacob Restobar,https://www.debuik.nl/amsterdam/restaurant/jacob-restobar
Janana Burger,https://www.debuik.nl/amsterdam/restaurant/janana-burger
Janana Burger is het adres in Amsterdam voor een smashburger met als geheime wapen de zelfontwikkelde bun.,https://www.debuik.nl/amsterdam/restaurant/janana-burger
Jansz,https://www.debuik.nl/amsterdam/restaurant/jansz
Jaspers,https://www.debuik.nl/amsterdam/restaurant/jaspers
Je eet hier klassieke Vietnamese gerechten en alleen de Bahn Mi tijdens de lunch.,https://www.debuik.nl/amsterdam/restaurant/mai
Je kunt hier terecht voor lekker café-eten en natuurlijk voor bier. Ook kan je bij Brouwerij De Prael terecht voor een rondleiding om te zien hoe het bier gemaakt wordt.,https://www.debuik.nl/amsterdam/restaurant/brouwerij-de-prael
"Jesse Franzen opent zijn eigen restaurant in Oud-Zuid: Frans georiënteerde keuken met invloeden uit Italië en Spanje, topwijnen en gerijpt vlees.",https://www.debuik.nl/amsterdam/restaurant/franzen
Jinja Asian Kitchen & Bar,https://www.debuik.nl/amsterdam/restaurant/jinja
John Dory,https://www.debuik.nl/amsterdam/restaurant/john-dory
Jondani Downtown,https://www.debuik.nl/amsterdam/restaurant/jondani-downtown
Juana La Dama,https://www.debuik.nl/amsterdam/restaurant/juana-la-dama
Juhique,https://www.debuik.nl/amsterdam/restaurant/juhique
"Juhique Amsterdam: relaxte sfeer, moderne internationale keuken, warme service & 4-gangenmenu onder €50. Proef betaalbaar genieten!",https://www.debuik.nl/amsterdam/restaurant/juhique
Juliette,https://www.debuik.nl/amsterdam/restaurant/juliette
"Juliette met een terras aan het gezellige Valeriusplein is elke dag al vroeg (vanaf 8 uur) geopend voor ontbijt, lunch of brunch.",https://www.debuik.nl/amsterdam/restaurant/juliette
Juno,https://www.debuik.nl/amsterdam/restaurant/juno
KAIA,https://www.debuik.nl/amsterdam/restaurant/kaia
Kaagman & Kortekaas,https://www.debuik.nl/amsterdam/restaurant/kaagman-kortekaas
Kaagman en Kortekaas is zo'n zaak waar je je gewoon moet overgeven en erop vertrouwen dat wat ze op tafel zetten gewoon erg goed en erg lekker is.,https://www.debuik.nl/amsterdam/restaurant/kaagman-kortekaas
Kaap Amsterdam,https://www.debuik.nl/amsterdam/restaurant/kaap-amsterdam
Kafé Kontrast,https://www.debuik.nl/amsterdam/restaurant/kafe-kontrast
Kafé Kontrast aan de Ceintuurbaan in de Pijp heeft een relaxte sfeer. De keuken combineert Scandinavische en Indonesische smaken.,https://www.debuik.nl/amsterdam/restaurant/kafe-kontrast
Kanarie Club,https://www.debuik.nl/amsterdam/restaurant/kanarie-club
Kantine voor ontbijt en lunch met herkenbare comfort food gerecht met een 'Oficina twist'.,https://www.debuik.nl/amsterdam/restaurant/oficina
Karavaan,https://www.debuik.nl/amsterdam/restaurant/karavaan
Kathmandu Kitchen,https://www.debuik.nl/amsterdam/restaurant/kathmandu-kitchen
Kathmandu Kitchen waan je je door middel van traditionele gerechten in Nepal. De Nepalese gerechten worden hier vers bereid en dat proef je.,https://www.debuik.nl/amsterdam/restaurant/kathmandu-kitchen
Ken Sushi,https://www.debuik.nl/amsterdam/restaurant/ken-sushi
Kessens,https://www.debuik.nl/amsterdam/restaurant/kessens
Kien,https://www.debuik.nl/amsterdam/restaurant/kien
Kikkie,https://www.debuik.nl/amsterdam/restaurant/kikkie
Kim Chi Wow,https://www.debuik.nl/amsterdam/restaurant/kim-chi-wow
Kim's So Fusion,https://www.debuik.nl/amsterdam/restaurant/kim-s-so-fusion
Kitchen Nieuwland,https://www.debuik.nl/amsterdam/restaurant/kitchen-nieuwland
Klaproos,https://www.debuik.nl/amsterdam/restaurant/klaproos
"Klassiek Italiaans eten in hartje Amsterdam in een restaurant met klasse, maar zonder al teveel opsmuk.",https://www.debuik.nl/amsterdam/restaurant/restaurant-incanto
Klein Kalfje,https://www.debuik.nl/amsterdam/restaurant/klein-kalfje
Klein Kalfje is een gezellige en fijne zaak aan de Amstel. Waar je bootjes kunt kijken of plaats neemt in het knusse café.,https://www.debuik.nl/amsterdam/restaurant/klein-kalfje
Kokomo,https://www.debuik.nl/amsterdam/restaurant/kokomo
Krua Thai,https://www.debuik.nl/amsterdam/restaurant/krua-thai
Krusta,https://www.debuik.nl/amsterdam/restaurant/krusta
Ku Kitchen,https://www.debuik.nl/amsterdam/restaurant/ku-kitchen
Kyō,https://www.debuik.nl/amsterdam/restaurant/ky
L'Antica Pizza da Michele,https://www.debuik.nl/amsterdam/restaurant/pizzeria-da-michele
L'Osteria,https://www.debuik.nl/amsterdam/restaurant/l-osteria
La Contessa,https://www.debuik.nl/amsterdam/restaurant/la-contessa
"La Contessa is een klassiek Italiaans restaurant: royaal, druk, levendig. Met strak witgedekte tafels en mooi gepoleerde wijnglazen.",https://www.debuik.nl/amsterdam/restaurant/la-contessa
La Dilettante,https://www.debuik.nl/amsterdam/restaurant/la-dilettante
La Fiorita,https://www.debuik.nl/amsterdam/restaurant/la-fiorita
La Maria,https://www.debuik.nl/amsterdam/restaurant/la-maria
La Nostra Gigi,https://www.debuik.nl/amsterdam/restaurant/la-nostra-gigi
La Nostra Gigi is een kleurrijk Italiaans restaurant & cocktailbar met veel spektakel aan tafel en een groot terras op het Heinekenplein.,https://www.debuik.nl/amsterdam/restaurant/la-nostra-gigi
La Parole,https://www.debuik.nl/amsterdam/restaurant/la-parole
La Perla,https://www.debuik.nl/amsterdam/restaurant/la-perla
"La Perla staat bekend om de pizza’s uit de houtoven. Maar je kunt hier ook prima terecht voor een lunch met een salade, Italiaans belegd broodje of pasta.",https://www.debuik.nl/amsterdam/restaurant/la-perla
"Laat je niet misleiden door de naam, Star BBQ is een goede kwaliteit Irakees restaurant, waar niet zelden op tafel wordt gedanst. Een must-visit.",https://www.debuik.nl/amsterdam/restaurant/star-bbq
Laat je zintuigen prikkelen met de onconventionele 'food art' gerechten van Senses.,https://www.debuik.nl/amsterdam/restaurant/senses
Labyrinth Amsterdam,https://www.debuik.nl/amsterdam/restaurant/labyrinth-amsterdam
Laffa,https://www.debuik.nl/amsterdam/restaurant/laffa
Lalibela,https://www.debuik.nl/amsterdam/restaurant/lalibela
Lars,https://www.debuik.nl/amsterdam/restaurant/lars
Lastage,https://www.debuik.nl/amsterdam/restaurant/lastage
Law & Order,https://www.debuik.nl/amsterdam/restaurant/law-order
Lazuur,https://www.debuik.nl/amsterdam/restaurant/lazuur
Lazuur is een echt buurtrestaurant waar chefkok en mede-eigenaar Sherif Khalil (ex Kaagman & Kortekaas) mooie gerechten serveert met een Portugese signatuur,https://www.debuik.nl/amsterdam/restaurant/lazuur
Le Fournil,https://www.debuik.nl/amsterdam/restaurant/le-fournil
"Le Fournil is de plek in Amsterdam voor verse Franse baquettes of madeleines. Schrik niet van de rij, dat is juist een goed teken",https://www.debuik.nl/amsterdam/restaurant/le-fournil
Le French Cafe - West,https://www.debuik.nl/amsterdam/restaurant/le-french-cafe-admiraal-de-ruijterweg
Le French Cafe is een vrolijk bruisende brasserie waar het eten en drinken de hele dag in het teken van Frankrijk staat.,https://www.debuik.nl/amsterdam/restaurant/le-french-cafe
Le French Café - Javastraat,https://www.debuik.nl/amsterdam/restaurant/le-french-cafe
"Le French Café in Amsterdam: ultiem Parijs-gevoel met Franse klassiekers en verrassende gerechten in een stijlvolle, relaxte setting.",https://www.debuik.nl/amsterdam/restaurant/le-french-cafe-admiraal-de-ruijterweg
Le Grand George,https://www.debuik.nl/amsterdam/restaurant/le-grand-george
Le Hollandais,https://www.debuik.nl/amsterdam/restaurant/le-hollandais
Le Salonard,https://www.debuik.nl/amsterdam/restaurant/le-salonard
Lebkov and Sons (Zuidas),https://www.debuik.nl/amsterdam/restaurant/lebkov-and-sons
"Lebkov gelooft in goed, eenvoudig en lekker eten en drinken van de koffie tot de broodjes alles wordt zelf en met zorg gemaakt.",https://www.debuik.nl/amsterdam/restaurant/lebkov-and-sons
"Lekker eten en ook nog eens wat goeds nog voor de maatschappij, daar staat Restaurant Freud voor.",https://www.debuik.nl/amsterdam/restaurant/restaurant-freud
Lennard en Matthias etc prima. De keuken serveert voornamelijk mooie gerechten uit de Italiaanse keuken met af en toe een uitstapje naar Frankrijk of Spanje.,https://www.debuik.nl/amsterdam/restaurant/fa-pekelhaaring
Leo Bistro,https://www.debuik.nl/amsterdam/restaurant/leo
Leo Goudvisch,https://www.debuik.nl/amsterdam/restaurant/leo-goudvisch
Leonardo's Ravioli Bar,https://www.debuik.nl/amsterdam/restaurant/leonardo-s-ravioli-bar
"Leonardo’s Ravioli Bar in De Pijp: 5 top-ravioli’s, Italiaanse wijnen en creatieve chef-collabs in een relaxte, chique setting.",https://www.debuik.nl/amsterdam/restaurant/leonardo-s-ravioli-bar
Les Zazous brengt de klassiek Franse keuken naar het Java-eiland met een geheel Franse wijn- en champagnekaart waarvan heel veel per glas.,https://www.debuik.nl/amsterdam/restaurant/bistrot-les-zazous
Levain et le vin,https://www.debuik.nl/amsterdam/restaurant/levain-et-le-vin
"Levain et le vin, daar moet je wezen voor het lekkerste zuurdesembrood van Amsterdam.",https://www.debuik.nl/amsterdam/restaurant/levain-et-le-vin
Levenslang,https://www.debuik.nl/amsterdam/restaurant/levenslang
Liefde voor elkaar en voor het eten. Dat hebben Anna en Casper met van Kessens. Je komt hier voor een lekkere lunch en de lekkernijen van Holtkamp.,https://www.debuik.nl/amsterdam/restaurant/kessens
Lillie,https://www.debuik.nl/amsterdam/restaurant/de-wijnkaart
Lillie is een wijnbar met een internationale wijnkaart met soms een uitstapje naar Oost-Europa. Naast borrelplanken kun je hier ook prima een hele maaltijd nuttigen.,https://www.debuik.nl/amsterdam/restaurant/de-wijnkaart
Linguini,https://www.debuik.nl/amsterdam/restaurant/linguini
"Linguini is niet het enige wat de klok slaat in deze trattoria, je kan er ook terecht voor onder andere tonijntartaar met avocado, limoen en chilipeper of een goede gnocchi bereid naar de hand van Italiaanse chef-kok en pastameester Lorenzo Isidoro.",https://www.debuik.nl/amsterdam/restaurant/linguini
Little Collins,https://www.debuik.nl/amsterdam/restaurant/little-collins
Little Collins is van alles een beetje. Van een boozy brunch tot een flink diner. Van koffie tot cocktails.,https://www.debuik.nl/amsterdam/restaurant/little-collins
Little bonfire,https://www.debuik.nl/amsterdam/restaurant/little-bonfire
Lokaal van de Stad,https://www.debuik.nl/amsterdam/restaurant/lokaal-van-de-stad
Lolita,https://www.debuik.nl/amsterdam/restaurant/lolita
Lolo,https://www.debuik.nl/amsterdam/restaurant/lolo
Lolo is een Italiaans restaurant met een extravagant interieur met een combinatie van rijke Italiaanse gerechten en spannende cocktails.,https://www.debuik.nl/amsterdam/restaurant/lolo
Lombardo's,https://www.debuik.nl/amsterdam/restaurant/lombardo-s
Lomnava Kenkey House,https://www.debuik.nl/amsterdam/restaurant/lomnava-kenkey-house
"Lomnava Kenkey House is een Ghanees/Togolees eethuisje aan de Karspeldreef, dat een mooie selectie West-Afrikaanse gerechten en dranken serveert.",https://www.debuik.nl/amsterdam/restaurant/lomnava-kenkey-house
Loop 51,https://www.debuik.nl/amsterdam/restaurant/loop-51
"Loop51 is een bar met overdag lekkere brunch gerechten en goede snacks, en 's avonds lekkere cocktails en bar bites onder het genot van een vinyl.",https://www.debuik.nl/amsterdam/restaurant/loop-51
Lotti's,https://www.debuik.nl/amsterdam/restaurant/lotti-s
Louie Louie,https://www.debuik.nl/amsterdam/restaurant/louie-louie
"Louie Louie is de hele dag door een hotspot voor Oost met in de ochtend koffie en ontbijt, in de middag stijlvolle broodjes en salades en tot laat in de avond bar en restaurant, met veel fijne cocktails en een spannende menukaart met veel gerechten en barbites.",https://www.debuik.nl/amsterdam/restaurant/louie-louie
Lova,https://www.debuik.nl/amsterdam/restaurant/lova
Lowlander Botanical Bar & Restaurant,https://www.debuik.nl/amsterdam/restaurant/lowlander-botanical-bar-restaurant
"Lowlander ligt direct aan ’t IJ. Hier is alles met een botanische draai: de gerechten, de limonades en natuurlijk de botanical bieren van Lowlander zelf.",https://www.debuik.nl/amsterdam/restaurant/lowlander-botanical-bar-restaurant
Lucius Visrestaurant,https://www.debuik.nl/amsterdam/restaurant/lucius-visrestaurant
LuminAir,https://www.debuik.nl/amsterdam/restaurant/luminair
Lupe,https://www.debuik.nl/amsterdam/restaurant/lupe
Luz Restobar,https://www.debuik.nl/amsterdam/restaurant/luz-restobar
"L’Antica Pizzeria da Michele, genoemd naar de oudste pizzeria in Napels, is nu ook in Amsterdam geland. Hier geniet je van tradionele pizza’s.",https://www.debuik.nl/amsterdam/restaurant/pizzeria-da-michele
L’Entrecote et les Dames,https://www.debuik.nl/amsterdam/restaurant/l-entrecote-et-les-dames
MAI Kitchen,https://www.debuik.nl/amsterdam/restaurant/mai-kitchen
MOS Amsterdam,https://www.debuik.nl/amsterdam/restaurant/mos-amsterdam
MOYŌ,https://www.debuik.nl/amsterdam/restaurant/moyo
MR PORTER,https://www.debuik.nl/amsterdam/restaurant/mr-porter
Maak een culinaire reis langs de zijderoute bij Ryo. In deze ryokan eet je het beste van de Aziatische keukens met uitzicht op ’t IJ.,https://www.debuik.nl/amsterdam/restaurant/restaurant-ryo
Maak in het knusse pand van de Watergang kennis met het beste van de Europese keuken.,https://www.debuik.nl/amsterdam/restaurant/de-watergang
Madame Croissant,https://www.debuik.nl/amsterdam/restaurant/madame-croissant
Manuel Broekman en Tijn Verstappen creëren Pepito: een bar met een laagdrempelige Spaanse sfeer. Je kunt de hele avond drankjes drinken en tapas eten.,https://www.debuik.nl/amsterdam/restaurant/pepito-bar-tapas
Marathonweg,https://www.debuik.nl/amsterdam/restaurant/marathonweg
Maris Piper,https://www.debuik.nl/amsterdam/restaurant/maris-piper
"Maris Piper bevindt zich in De Pijp, in Amsterdam Oud-Zuid. Het is een chic maar gezellig restaurant, vernoemd naar een aardappel. Specialiteit is kaviaar of oester met een van de 15 champagnes die ze bieden.",https://www.debuik.nl/amsterdam/restaurant/maris-piper
Market 33,https://www.debuik.nl/amsterdam/restaurant/market-33
Marokaanse couscous eet je bij de Couscousbar aan de Javastraat in de Indische buurt.,https://www.debuik.nl/amsterdam/restaurant/couscousbar
MasMais Marisqueria,https://www.debuik.nl/amsterdam/restaurant/masmais-marisqueria
MasMais Taqueria,https://www.debuik.nl/amsterdam/restaurant/masmais-taqueria
Massalia Restobar,https://www.debuik.nl/amsterdam/restaurant/massalia-restobar
Massalia van chef Angelo Kremmydas aan het Beukenplein biedt Griekse gerechten zoals dolmas en loukoumades.,https://www.debuik.nl/amsterdam/restaurant/massalia-restobar
Massimo Gelato,https://www.debuik.nl/amsterdam/restaurant/massimo-gelato
Mata Hari,https://www.debuik.nl/amsterdam/restaurant/mata-hari
"Mata Hari is een sfeervolle plek op de Wallen, waar je eet van de klassieke kaart met een creatieve, soms Aziatische, touch en een trendy interieur.",https://www.debuik.nl/amsterdam/restaurant/mata-hari
"Maurits, een bar, café en restaurant, zit op het Hoofddorpplein. Er wordt hier modern gekookt met niet te veel smaken op het bord.",https://www.debuik.nl/amsterdam/restaurant/caf-restaurant-bar-maurits
MeWe,https://www.debuik.nl/amsterdam/restaurant/mewe
Meat & Greek,https://www.debuik.nl/amsterdam/restaurant/meat-greek
Meat & Greek is traditionele Gyros in een modern jasje,https://www.debuik.nl/amsterdam/restaurant/meat-greek
Mediamatic ETEN,https://www.debuik.nl/amsterdam/restaurant/mediamatic-eten
Meneer de Wit Heeft Honger,https://www.debuik.nl/amsterdam/restaurant/meneer-de-wit-heeft-honger
Merkelbach,https://www.debuik.nl/amsterdam/restaurant/merkelbach
Mesa Mesa,https://www.debuik.nl/amsterdam/restaurant/mesa-mesa
Mesa Mesa brengt met de tapasbar aan het Marie Heinekenplein een stukje Spanje naar Amsterdam. Naast de tapas worden bijpassende Spaanse wijnen geserveerd.,https://www.debuik.nl/amsterdam/restaurant/mesa-mesa
Met Bobby Rust in de keuken wordt er in dit iconische oude TV station weer op niveau gekookt. De rooftopbar heeft een uitzicht om niet te vergeten.,https://www.debuik.nl/amsterdam/restaurant/rem-bar-restaurant-en-rooftop
"Met Ferry nestelen De Kok & de Maître zich, na twee succesvolle pop-up’s, op een vaste plek, in het oude Pont 13 in de Houthavens.",https://www.debuik.nl/amsterdam/restaurant/ferry
Met Sagardi brengen de broers López de Viñaspre de Baskische keuken met het open vuur naar Amsterdam.,https://www.debuik.nl/amsterdam/restaurant/sagardi
"Met Van de Werf hopen de eigenaren wel aansluiting met de locals te krijgen. Hier ga je voor comfort food, zoals eggs benedict of een steak in de avond.",https://www.debuik.nl/amsterdam/restaurant/bar-restaurant-van-de-werf
Met een bezoek aan Cafe American ga je even terug in de tijd.,https://www.debuik.nl/amsterdam/restaurant/caf-americain
"Met een groot terras op het Beukenplein biedt Clos het beste van beide werelden, een wijnbar gecombineerd met een restaurant.",https://www.debuik.nl/amsterdam/restaurant/clos
"Met hun uitgebreide kaart is Bulls And Dogs geen plek voor mensen met keuzestress, maar wel een plek voor liefhebbers van hotdogs en freakshakes.",https://www.debuik.nl/amsterdam/restaurant/bulls-and-dogs
Met je voetjes in het zand genieten van het uitzicht over ’t IJ bij paviljoen Kaap Amsterdam op het Zeeburgereiland met een compleet vegetarische kaart.,https://www.debuik.nl/amsterdam/restaurant/kaap-amsterdam
Miami meets Mexico zo kun je de keuken van Calle Ocho het best omschrijven. Je drinkt er pornstar margarita of als je de barman vertrouwd zijn keuze in de leap of faith.,https://www.debuik.nl/amsterdam/restaurant/calle-ocho
Midden in de binnenstad vind je de sezchuankeuken van FuLu Mandarijn aan het Rokin. Hou je niet van pittig eten? Let dan goed op het aantal pepertjes onder elk gerecht.,https://www.debuik.nl/amsterdam/restaurant/fulu-mandarijn
Midden in hartje Amsterdam bevindt zich Bistro Berlage. Deze bistro is gehuisvest in het iconische pand van de Beurs van Berlage en heeft een groot terras op het Beursplein.,https://www.debuik.nl/amsterdam/restaurant/bistro-berlage
"Midden in het centrum van Amsterdam vind je Oriental City op de Oudezijds Voorburgwal. Heb je zin in dim sum, pekingeend of szechuan? Dan ben je hier aan het juiste adres.",https://www.debuik.nl/amsterdam/restaurant/oriental-city
Midden in het oude stadscentrum van Weesp vind je Bar Brasserie HAUT. Een knus restaurant met op Frankrijk geïnspireerde keuken en inrichting.,https://www.debuik.nl/amsterdam/restaurant/bar-brasserie-haut
Midden op het Gerard Douplein zit een van de gezelligste borrelplekken van de Pijp. Hier staan alleen goede wijnen (champagnes) en lekkers uit de zee op het menu.,https://www.debuik.nl/amsterdam/restaurant/brut-de-mer
Middenin No Man's Art Gallery (NMAG) bevindt zich NAMG & de bar. Hier kun je tussen de kunst eten of een drankje doen.,https://www.debuik.nl/amsterdam/restaurant/no-mans-art-gallery-en-de-bar
"Middenin de Jordaan, aan de Tweede Tuindwarsstraat, vind je Café Dinette, een plek waar je 's ochtends binnenloopt en 's avonds pas weer vertrekt.",https://www.debuik.nl/amsterdam/restaurant/dinette
Miri Mary,https://www.debuik.nl/amsterdam/restaurant/miri-mary
Misschien wel de enige reden om richting Rembrandtplein te gaan. Café Schiller zit hier sinds jaar en dag en met goede reden. En je eet er ook nog eens goed.,https://www.debuik.nl/amsterdam/restaurant/caf-schiller
"Misschien wel het mooiste voorbeeld van een perfect bewaard gebleven art deco etablissement in Amsterdam, zit Café Kuyl: een bruin café met lekkere happen.",https://www.debuik.nl/amsterdam/restaurant/caf-kuyl
Mister Chen,https://www.debuik.nl/amsterdam/restaurant/mister-chen
Mitts,https://www.debuik.nl/amsterdam/restaurant/mitts
Miuz,https://www.debuik.nl/amsterdam/restaurant/miuz
Moche,https://www.debuik.nl/amsterdam/restaurant/moche
"Moche, moderne ceviche, is het nieuwe Peruaanse restaurant met ceviche in de hoofdrol van de ex-chef Nazka in het oude pand van Mr. and Mrs. Watson.",https://www.debuik.nl/amsterdam/restaurant/moche
Mogu,https://www.debuik.nl/amsterdam/restaurant/mogu
"Mogu is het eerste Malatang restaurant van Nederland, waar je met verschillende bouillons en veel verse groentes een eigen vegan soep samenstelt.",https://www.debuik.nl/amsterdam/restaurant/mogu
Moluks Indisch soulfood maar dan net even anders in een eclectisch interieur in een zijstraat van de Haarlemmerstraat.,https://www.debuik.nl/amsterdam/restaurant/de-vrouw-met-de-baard
Momo,https://www.debuik.nl/amsterdam/restaurant/momo
"Momo serveert fine dining fusion. De plek is, nog steeds na zoveel jaar, een van de hotspots van Amsterdam met",https://www.debuik.nl/amsterdam/restaurant/momo
Mondi,https://www.debuik.nl/amsterdam/restaurant/mondi
Mont Blanc,https://www.debuik.nl/amsterdam/restaurant/mont-blanc
Monte Pelmo,https://www.debuik.nl/amsterdam/restaurant/monte-pelmo
Mooie Boules Amsterdam,https://www.debuik.nl/amsterdam/restaurant/mooie-boules-amsterdam
Moon,https://www.debuik.nl/amsterdam/restaurant/moon
Moos,https://www.debuik.nl/amsterdam/restaurant/moos
Morgan & Mees,https://www.debuik.nl/amsterdam/restaurant/morgan-mees
Morris en Bella,https://www.debuik.nl/amsterdam/restaurant/moris-en-bella
Mortimer,https://www.debuik.nl/amsterdam/restaurant/mortimer
Mos is een toprestaurant met een prachtig uitzicht over ‘t IJ en met een beschut terras voor de zaak. Hier geniet je van de keuken en team van chef Egon van Hoof.,https://www.debuik.nl/amsterdam/restaurant/mos-amsterdam
Mossel & Gin,https://www.debuik.nl/amsterdam/restaurant/mossel-gin
"Mossel & Gin is een foodbar in het Westerpark. Je eet hier uiteraard mosselen, maar ze hebben ook andere vissoorten op het menu staan.",https://www.debuik.nl/amsterdam/restaurant/mossel-gin
Mr. Haz Taco Bar,https://www.debuik.nl/amsterdam/restaurant/mr-haz-taco-bar
"Mr. Haz is een kleurrijke tacobar waar de tortilla’s zelf gemaakt worden met veel aandacht voor cocktails, tequila en mescal.",https://www.debuik.nl/amsterdam/restaurant/mr-haz-taco-bar
Mr. Meat Steakhouse,https://www.debuik.nl/amsterdam/restaurant/mr-meat-steakhouse
Mr. Sam,https://www.debuik.nl/amsterdam/restaurant/mr-sam
Ms. Chelin,https://www.debuik.nl/amsterdam/restaurant/ms-chelin
NENI Amsterdam,https://www.debuik.nl/amsterdam/restaurant/neni-amsterdam
NOMAD aan het IJ,https://www.debuik.nl/amsterdam/restaurant/nomad-aan-het-ij
NOMAD serveert een verrassingsmenu met fusion gerechten uit keukens van over de hele wereld met een geweldig uitzicht over het IJ.,https://www.debuik.nl/amsterdam/restaurant/nomad-aan-het-ij
Na de wisseling van eigenaar wordt er bij Le Hollandais onverminderd klassiek Frans gekookt met een kleine moderne twist.,https://www.debuik.nl/amsterdam/restaurant/le-hollandais
Na een aantal succesvolle pop-up’s hebben Jim en Mike een vaste stek voor taqueria met eigengemaakte super verse maistaco’s gevonden.,https://www.debuik.nl/amsterdam/restaurant/masmais-taqueria
"Na een succesvolle crowdfunding opent Ken Sushi, nu met een exclusieve omkase experience en bar, zijn nieuwe zaak in het oude pand van Geisha.",https://www.debuik.nl/amsterdam/restaurant/ken-sushi
Na eenentwintig jaar in dienst bij anderen te zijn geweest opende Orlando David zijn fine dining restaurant R21 op de oude plek van Greetje in hartje centrum.,https://www.debuik.nl/amsterdam/restaurant/r21
Naar Sichuan ga je voor de traditionele bereiding van de Peking eend in een echt Chinese setting aan de Warmoesstraat.,https://www.debuik.nl/amsterdam/restaurant/sichuan-restaurant-amsterdam
Naast Bakkerij Wolf bevindt een café en hier ontbijt je met het fantastische brood van Wolf of kun je lunchen op restaurantniveau.,https://www.debuik.nl/amsterdam/restaurant/wolf-restaurant
Nam Kee,https://www.debuik.nl/amsterdam/restaurant/nam-kee
Nam Kee is sinds 1981 een Kantonees restaurant in Amsterdam op de Zeedijk. Hier zijn de oesters iconisch maar er zijn genoeg andere klassiekers.,https://www.debuik.nl/amsterdam/restaurant/nam-kee
Nando Italian Bistro,https://www.debuik.nl/amsterdam/restaurant/westervilla
Natuurlijke wijnbar van ex medewerkers van Glouglou met terras en een leuke eetkaart,https://www.debuik.nl/amsterdam/restaurant/la-dilettante
Nazka,https://www.debuik.nl/amsterdam/restaurant/nazka
"Nazka is fine dining op de moderne Peruaanse manier. Hier worden de inheemse keuken van Peru gecombineerd met Spaanse, Japanse, Chinese en Afrikaanse culinaire tradities.",https://www.debuik.nl/amsterdam/restaurant/nazka
"Neem bij Tsunarié plaats aan de 10-seats eetbar en vergaap je aan de kunsten van de chef en geniet van een Japanse wijn, sake of een mooie bourgogne.",https://www.debuik.nl/amsterdam/restaurant/tsunarie
Nela Restaurant,https://www.debuik.nl/amsterdam/restaurant/nela
Ness,https://www.debuik.nl/amsterdam/restaurant/ness
New King,https://www.debuik.nl/amsterdam/restaurant/new-king
New King is een echt Chinees restaurant in Amsterdam Centrum met een moderne uitstraling. Er is een uitgebreid menu en dus voor ieder wat wils.,https://www.debuik.nl/amsterdam/restaurant/new-king
"Nieuw huiskamerrestaurant met Frans, Spaans en Italiaans comfortfood in oud Avocado Show-pand, met zonnig terras aan de gracht voor lunch en diner.",https://www.debuik.nl/amsterdam/restaurant/little-bonfire
Nieuw van Tim van de Molen & Nachbar: een restobar met creatieve gerechten en topdranken. Binnenkort meer op De Buik!,https://www.debuik.nl/amsterdam/restaurant/nikotin
"Nieuwe Izakaya op de Zuidas! Japans eetcafé met sakébar, pop-art sfeer en een exclusieve karaoke-lounge. Ervaar de ultieme Japanse beleving in Amsterdam!",https://www.debuik.nl/amsterdam/restaurant/de-japanner-zuid
Nieuwe Restobar van de familie van Bar Parry en Balthazar’s Keuken op de oude plek van Bambino aan de Vijzelgracht.,https://www.debuik.nl/amsterdam/restaurant/cafe-cenc
Nikotin,https://www.debuik.nl/amsterdam/restaurant/nikotin
Nina Bogaerts brengt met Rosario de Mexicaanse keuken zoals ze zelf het liefst eet. In een moderne stijl en alles wordt in huis gemaakt.,https://www.debuik.nl/amsterdam/restaurant/rosario
No Man's Art Gallery en de bar,https://www.debuik.nl/amsterdam/restaurant/no-mans-art-gallery-en-de-bar
Noemi,https://www.debuik.nl/amsterdam/restaurant/noemi
Noemi vlakbij de Albert Cuypstraat heeft goede pizza's die ze per slice verkopen. Met het gezellige terrasje is het een fijne spot voor een snelle bite.,https://www.debuik.nl/amsterdam/restaurant/noemi
Nomads,https://www.debuik.nl/amsterdam/restaurant/nomads
Nomi,https://www.debuik.nl/amsterdam/restaurant/nomi
Nomi aan het Leidseplein is de tweede zaak van het Korean BBQ restaurant. Je kunt hier veel van de kaart kiezen om het vervolgens zelf te grillen.,https://www.debuik.nl/amsterdam/restaurant/nomi
Nonna,https://www.debuik.nl/amsterdam/restaurant/nonna
Nonna in Oud-West heeft een interieur en personeel die je laten voelen alsof je er al jaren thuiskomt met een Italiaanse keuken.,https://www.debuik.nl/amsterdam/restaurant/nonna
Nooch,https://www.debuik.nl/amsterdam/restaurant/nooch
Noorderlicht,https://www.debuik.nl/amsterdam/restaurant/noorderlicht
"Noorderling weten natuurlijk allang dat de sushi die Jamil in zijn eigen keuken in Amsterdam-Noord maakt, van absolute topkwaliteit is en helaas alleen take-away.",https://www.debuik.nl/amsterdam/restaurant/sushi-noord
Nour is een knus restaurant in de Indische Buurt waar ze gerechten uit de keuken van Mesopotamië bereiden. Hier eet je de lekkerste gegrilde gerechten.,https://www.debuik.nl/amsterdam/restaurant/restaurant-nour
Nu gesloten,https://www.debuik.nl/amsterdam/restaurant/renvy
Nu gesloten,https://www.debuik.nl/amsterdam/restaurant/mewe
Nu gesloten,https://www.debuik.nl/amsterdam/restaurant/jaspers
Nu gesloten,https://www.debuik.nl/amsterdam/restaurant/jinja
Nu gesloten,https://www.debuik.nl/amsterdam/restaurant/cote-wispe
Nu gesloten,https://www.debuik.nl/amsterdam/restaurant/bar-rouge
Nu gesloten,https://www.debuik.nl/amsterdam/restaurant/vuurtoreneiland
Nu gesloten,https://www.debuik.nl/amsterdam/restaurant/nomad-aan-het-ij
Nu gesloten,https://www.debuik.nl/amsterdam/restaurant/mont-blanc
Nu gesloten,https://www.debuik.nl/amsterdam/restaurant/pepenero-cucina-pizza
Nu gesloten,https://www.debuik.nl/amsterdam/restaurant/lazuur
Nu gesloten,https://www.debuik.nl/amsterdam/restaurant/ku-kitchen
Nu gesloten,https://www.debuik.nl/amsterdam/restaurant/florentin
Nu gesloten,https://www.debuik.nl/amsterdam/restaurant/restaurant-bar-bisous
Nu gesloten,https://www.debuik.nl/amsterdam/restaurant/chateau-amsterdam
Nu gesloten,https://www.debuik.nl/amsterdam/restaurant/de-japanner
Nu gesloten,https://www.debuik.nl/amsterdam/restaurant/bar-bachrach
Nu gesloten,https://www.debuik.nl/amsterdam/restaurant/mondi
Nu gesloten,https://www.debuik.nl/amsterdam/restaurant/renato-s-osteria
Nu gesloten,https://www.debuik.nl/amsterdam/restaurant/footnote-coffee
Nu gesloten,https://www.debuik.nl/amsterdam/restaurant/levenslang
Nu gesloten,https://www.debuik.nl/amsterdam/restaurant/beyrouth
Nu gesloten,https://www.debuik.nl/amsterdam/restaurant/mos-amsterdam
Nu gesloten,https://www.debuik.nl/amsterdam/restaurant/renato-s-pizzeria
Nu gesloten,https://www.debuik.nl/amsterdam/restaurant/nazka
Nu gesloten,https://www.debuik.nl/amsterdam/restaurant/hachi
Nu gesloten,https://www.debuik.nl/amsterdam/restaurant/vinkeles
Nu gesloten,https://www.debuik.nl/amsterdam/restaurant/baut-backstage
Nu gesloten,https://www.debuik.nl/amsterdam/restaurant/john-dory
Nu gesloten,https://www.debuik.nl/amsterdam/restaurant/lupe
Nu gesloten,https://www.debuik.nl/amsterdam/restaurant/cafe-freddy
Nu gesloten,https://www.debuik.nl/amsterdam/restaurant/kessens
Nu gesloten,https://www.debuik.nl/amsterdam/restaurant/rain-bowls
Nu gesloten,https://www.debuik.nl/amsterdam/restaurant/insaeng
Nu gesloten,https://www.debuik.nl/amsterdam/restaurant/oficina
Nu gesloten,https://www.debuik.nl/amsterdam/restaurant/wc-bar
Nu gesloten,https://www.debuik.nl/amsterdam/restaurant/badcuyp
Nu gesloten,https://www.debuik.nl/amsterdam/restaurant/elevate-coffee-lab
Nu gesloten,https://www.debuik.nl/amsterdam/restaurant/tannay
Nu gesloten,https://www.debuik.nl/amsterdam/restaurant/spectrum
Nu gesloten,https://www.debuik.nl/amsterdam/restaurant/bar-brasserie-haut
Nu gesloten,https://www.debuik.nl/amsterdam/restaurant/fulu-mandarijn
Nu gesloten,https://www.debuik.nl/amsterdam/restaurant/fort-negen
Nu gesloten,https://www.debuik.nl/amsterdam/restaurant/brasserie-carstens
Nu gesloten,https://www.debuik.nl/amsterdam/restaurant/cafe-wu
Nu gesloten,https://www.debuik.nl/amsterdam/restaurant/schout-bij-nacht
Nu gesloten,https://www.debuik.nl/amsterdam/restaurant/caf-modern
Nu gesloten,https://www.debuik.nl/amsterdam/restaurant/clandestino
Nu gesloten,https://www.debuik.nl/amsterdam/restaurant/sazanka
Nu gesloten,https://www.debuik.nl/amsterdam/restaurant/full-moon-garden
Nu gesloten,https://www.debuik.nl/amsterdam/restaurant/skatecafe
Nu gesloten,https://www.debuik.nl/amsterdam/restaurant/restaurant-toet
Nu gesloten,https://www.debuik.nl/amsterdam/restaurant/warna-baru
Nu gesloten,https://www.debuik.nl/amsterdam/restaurant/fiko
Nu gesloten,https://www.debuik.nl/amsterdam/restaurant/restaurant-omber
Nu gesloten,https://www.debuik.nl/amsterdam/restaurant/wakuli
Nu gesloten,https://www.debuik.nl/amsterdam/restaurant/caf-taigu-ikkoku
Nu gesloten,https://www.debuik.nl/amsterdam/restaurant/bolenius-rembrandtpark
Nu gesloten,https://www.debuik.nl/amsterdam/restaurant/omakase-amsterdam
Nu gesloten,https://www.debuik.nl/amsterdam/restaurant/parallel
Nu gesloten,https://www.debuik.nl/amsterdam/restaurant/brio
Nu gesloten,https://www.debuik.nl/amsterdam/restaurant/cabr-n
Nu gesloten,https://www.debuik.nl/amsterdam/restaurant/utage-sake-bar
Nu gesloten,https://www.debuik.nl/amsterdam/restaurant/peps
Nu gesloten,https://www.debuik.nl/amsterdam/restaurant/pendergast-smokehouse
Nu gesloten,https://www.debuik.nl/amsterdam/restaurant/tsunarie
Nu gesloten,https://www.debuik.nl/amsterdam/restaurant/bakkerij-mas
Nu gesloten,https://www.debuik.nl/amsterdam/restaurant/riot-restobar
Nu gesloten,https://www.debuik.nl/amsterdam/restaurant/rem-bar-restaurant-en-rooftop
Nu gesloten,https://www.debuik.nl/amsterdam/restaurant/de-buitenvrouw
Nu gesloten,https://www.debuik.nl/amsterdam/restaurant/coba
Nu gesloten,https://www.debuik.nl/amsterdam/restaurant/law-order
Nu gesloten,https://www.debuik.nl/amsterdam/restaurant/kaia
Nu gesloten,https://www.debuik.nl/amsterdam/restaurant/september
Nu gesloten,https://www.debuik.nl/amsterdam/restaurant/colima
Nu gesloten,https://www.debuik.nl/amsterdam/restaurant/testamatta
Nu gesloten,https://www.debuik.nl/amsterdam/restaurant/dappertutto
Nu gesloten,https://www.debuik.nl/amsterdam/restaurant/petit-caron
Nu gesloten,https://www.debuik.nl/amsterdam/restaurant/arca
Nu gesloten,https://www.debuik.nl/amsterdam/restaurant/cafe-remouillage
Nu gesloten,https://www.debuik.nl/amsterdam/restaurant/belly-pepper
Nu gesloten,https://www.debuik.nl/amsterdam/restaurant/restaurante-dona
Nu gesloten,https://www.debuik.nl/amsterdam/restaurant/brasserie-gossler-florin-bistro-feline
Nu gesloten,https://www.debuik.nl/amsterdam/restaurant/bar-bouwmeester
Nu gesloten,https://www.debuik.nl/amsterdam/restaurant/bistrot-les-zazous
Nu gesloten,https://www.debuik.nl/amsterdam/restaurant/bar-toki
Nu gesloten,https://www.debuik.nl/amsterdam/restaurant/copain
Nu gesloten,https://www.debuik.nl/amsterdam/restaurant/wagyu-kanata
Nu gesloten,https://www.debuik.nl/amsterdam/restaurant/fikissimo
Nu gesloten,https://www.debuik.nl/amsterdam/restaurant/sonora
Nu gesloten,https://www.debuik.nl/amsterdam/restaurant/restaurant-ja
Nu gesloten,https://www.debuik.nl/amsterdam/restaurant/sizz
Nu gesloten,https://www.debuik.nl/amsterdam/restaurant/the-meets-eatery
Nu gesloten,https://www.debuik.nl/amsterdam/restaurant/chop-chop
Nu gesloten,https://www.debuik.nl/amsterdam/restaurant/ventuno-skylounge
Nu gesloten,https://www.debuik.nl/amsterdam/restaurant/teds-jordaan
Nu gesloten,https://www.debuik.nl/amsterdam/restaurant/wolf-restaurant
Nu gesloten,https://www.debuik.nl/amsterdam/restaurant/restaurant-visque
Nu gesloten,https://www.debuik.nl/amsterdam/restaurant/de-uitsmijter
Nu gesloten,https://www.debuik.nl/amsterdam/restaurant/flo-s-appetizing
Nu gesloten,https://www.debuik.nl/amsterdam/restaurant/juliette
Nu gesloten,https://www.debuik.nl/amsterdam/restaurant/le-fournil
Nu gesloten,https://www.debuik.nl/amsterdam/restaurant/moche
Nu gesloten,https://www.debuik.nl/amsterdam/restaurant/caf-restaurant-bar-maurits
Nu gesloten,https://www.debuik.nl/amsterdam/restaurant/wolf-atelier
Nu gesloten,https://www.debuik.nl/amsterdam/restaurant/over-amstel
Nu gesloten,https://www.debuik.nl/amsterdam/restaurant/masmais-marisqueria
Nu gesloten,https://www.debuik.nl/amsterdam/restaurant/hemelse-modder
Nu gesloten,https://www.debuik.nl/amsterdam/restaurant/fort-negen-sandwichbar
Nu gesloten,https://www.debuik.nl/amsterdam/restaurant/grammes
Nu gesloten,https://www.debuik.nl/amsterdam/restaurant/bellezza
Nu gesloten,https://www.debuik.nl/amsterdam/restaurant/mortimer
Nu gesloten,https://www.debuik.nl/amsterdam/restaurant/cucina-casalinga
Nu gesloten,https://www.debuik.nl/amsterdam/restaurant/caf-caron
Nu gesloten,https://www.debuik.nl/amsterdam/restaurant/skatecaf
Nu gesloten,https://www.debuik.nl/amsterdam/restaurant/noemi
Nu gesloten,https://www.debuik.nl/amsterdam/restaurant/labyrinth-amsterdam
Nu gesloten,https://www.debuik.nl/amsterdam/restaurant/cafe-toscanini
Nu gesloten,https://www.debuik.nl/amsterdam/restaurant/taiko
Nu gesloten,https://www.debuik.nl/amsterdam/restaurant/cafe-panache
Nu gesloten,https://www.debuik.nl/amsterdam/restaurant/dignita
Nu gesloten,https://www.debuik.nl/amsterdam/restaurant/gartine
Nu gesloten,https://www.debuik.nl/amsterdam/restaurant/kitchen-nieuwland
Nu gesloten,https://www.debuik.nl/amsterdam/restaurant/levain-et-le-vin
Nu gesloten,https://www.debuik.nl/amsterdam/restaurant/bakers-roasters
Nu gesloten,https://www.debuik.nl/amsterdam/restaurant/box-sociaal-jordaan
Nu gesloten,https://www.debuik.nl/amsterdam/restaurant/roberto-s
Nu gesloten,https://www.debuik.nl/amsterdam/restaurant/recover
Nu gesloten,https://www.debuik.nl/amsterdam/restaurant/sal-muera
Nu gesloten,https://www.debuik.nl/amsterdam/restaurant/at-seven
Nu gesloten,https://www.debuik.nl/amsterdam/restaurant/showw
Nu gesloten,https://www.debuik.nl/amsterdam/restaurant/rum-baba
Nu gesloten,https://www.debuik.nl/amsterdam/restaurant/bar-bouche
Nu gesloten,https://www.debuik.nl/amsterdam/restaurant/the-good-companion
Nu gesloten,https://www.debuik.nl/amsterdam/restaurant/mogu
Nu gesloten,https://www.debuik.nl/amsterdam/restaurant/tjin-s
Nu gesloten,https://www.debuik.nl/amsterdam/restaurant/fiona
Nu gesloten,https://www.debuik.nl/amsterdam/restaurant/flore
Nu gesloten,https://www.debuik.nl/amsterdam/restaurant/rijsel
Nu gesloten,https://www.debuik.nl/amsterdam/restaurant/cima
Nu gesloten,https://www.debuik.nl/amsterdam/restaurant/foer
Nu gesloten,https://www.debuik.nl/amsterdam/restaurant/bullewijck
Nu gesloten,https://www.debuik.nl/amsterdam/restaurant/staring-at-jaboc
Nu gesloten,https://www.debuik.nl/amsterdam/restaurant/bottleshop-amsterdam
Nu gesloten,https://www.debuik.nl/amsterdam/restaurant/market-33
Nu gesloten,https://www.debuik.nl/amsterdam/restaurant/pianeta-terra
Nu gesloten,https://www.debuik.nl/amsterdam/restaurant/bouchon-de-centre
Nu gesloten,https://www.debuik.nl/amsterdam/restaurant/masmais-taqueria
Nu gesloten,https://www.debuik.nl/amsterdam/restaurant/eetcafe-wijmpje-beukers
Nu gesloten,https://www.debuik.nl/amsterdam/restaurant/cecconi-s
Nu gesloten,https://www.debuik.nl/amsterdam/restaurant/le-salonard
Nu gesloten,https://www.debuik.nl/amsterdam/restaurant/ferry
Nu gesloten,https://www.debuik.nl/amsterdam/restaurant/restaurant-vermeer
Nu gesloten,https://www.debuik.nl/amsterdam/restaurant/balthazar-s-keuken
Nu gesloten,https://www.debuik.nl/amsterdam/restaurant/upstairs-pannekoekenhuis
Nu gesloten,https://www.debuik.nl/amsterdam/restaurant/brasserie-sent
Nu gesloten,https://www.debuik.nl/amsterdam/restaurant/juno
Nu gesloten,https://www.debuik.nl/amsterdam/restaurant/corner-store
Nu gesloten,https://www.debuik.nl/amsterdam/restaurant/lars
Nu gesloten,https://www.debuik.nl/amsterdam/restaurant/box-sociaal
Nu gesloten,https://www.debuik.nl/amsterdam/restaurant/calle-ocho
Nu gesloten,https://www.debuik.nl/amsterdam/restaurant/no-mans-art-gallery-en-de-bar
Nu gesloten,https://www.debuik.nl/amsterdam/restaurant/hosokawa
Nu gesloten,https://www.debuik.nl/amsterdam/restaurant/petit-peche
Nu gesloten,https://www.debuik.nl/amsterdam/restaurant/mai-kitchen
Nu gesloten,https://www.debuik.nl/amsterdam/restaurant/groot-melkhuis
Nu gesloten,https://www.debuik.nl/amsterdam/restaurant/restaurant-van-oost
Nu gesloten,https://www.debuik.nl/amsterdam/restaurant/moris-en-bella
Nu gesloten,https://www.debuik.nl/amsterdam/restaurant/onigiri-ya
Nu gesloten,https://www.debuik.nl/amsterdam/restaurant/dough-studio-by-pizza-project
Nu gesloten,https://www.debuik.nl/amsterdam/restaurant/paon-bali
Nu gesloten,https://www.debuik.nl/amsterdam/restaurant/arles
Nu gesloten,https://www.debuik.nl/amsterdam/restaurant/saam
Nu gesloten,https://www.debuik.nl/amsterdam/restaurant/ate-at-the-dylan
Nu gesloten,https://www.debuik.nl/amsterdam/restaurant/barbounia
Nu gesloten,https://www.debuik.nl/amsterdam/restaurant/cafe-cenc
Nu gesloten,https://www.debuik.nl/amsterdam/restaurant/lolo
Nu gesloten,https://www.debuik.nl/amsterdam/restaurant/cafe-a-cote
Nu gesloten,https://www.debuik.nl/amsterdam/restaurant/zoldering
Nu gesloten,https://www.debuik.nl/amsterdam/restaurant/lastage
Nu gesloten,https://www.debuik.nl/amsterdam/restaurant/alba-amsterdam
Nu gesloten,https://www.debuik.nl/amsterdam/restaurant/rosalia-s-menagerie
Nu gesloten,https://www.debuik.nl/amsterdam/restaurant/counter
Nu gesloten,https://www.debuik.nl/amsterdam/restaurant/door-74
Nu gesloten,https://www.debuik.nl/amsterdam/restaurant/la-fiorita
Nu gesloten,https://www.debuik.nl/amsterdam/restaurant/salvo-bakehouse
Nu gesloten,https://www.debuik.nl/amsterdam/restaurant/sams-koffie
Nu gesloten,https://www.debuik.nl/amsterdam/restaurant/garage-noord
Nu gesloten,https://www.debuik.nl/amsterdam/restaurant/restaurant-wils
Nu gesloten,https://www.debuik.nl/amsterdam/restaurant/yuzu-dining-bar
Nu gesloten,https://www.debuik.nl/amsterdam/restaurant/akitsu
Nu gesloten,https://www.debuik.nl/amsterdam/restaurant/moyo
Nu gesloten,https://www.debuik.nl/amsterdam/restaurant/la-maria
Nu gesloten,https://www.debuik.nl/amsterdam/restaurant/ciel-bleu-restaurant
Nu gesloten,https://www.debuik.nl/amsterdam/restaurant/fyr
Nu gesloten,https://www.debuik.nl/amsterdam/restaurant/baretto
Nu gesloten,https://www.debuik.nl/amsterdam/restaurant/barracuda
Nu gesloten,https://www.debuik.nl/amsterdam/restaurant/meneer-de-wit-heeft-honger
Nu gesloten,https://www.debuik.nl/amsterdam/restaurant/house-of-watt
Nu gesloten,https://www.debuik.nl/amsterdam/restaurant/supper-restaurant-club
Nu gesloten,https://www.debuik.nl/amsterdam/restaurant/eetcaf-schotsheuvel
Nu gesloten,https://www.debuik.nl/amsterdam/restaurant/restaurant-kenneh
Nu gesloten,https://www.debuik.nl/amsterdam/restaurant/choux
Nu gesloten,https://www.debuik.nl/amsterdam/restaurant/restaurant-domenica
Nu gesloten,https://www.debuik.nl/amsterdam/restaurant/de-vrouw-met-de-baard
Nu gesloten,https://www.debuik.nl/amsterdam/restaurant/cantina-caliente
Nu gesloten,https://www.debuik.nl/amsterdam/restaurant/christiaan-smit
Nu gesloten,https://www.debuik.nl/amsterdam/restaurant/bar-du-champagne
Nu gesloten,https://www.debuik.nl/amsterdam/restaurant/franzen
Nu gesloten,https://www.debuik.nl/amsterdam/restaurant/bar-bistro-bureau
Nu gesloten,https://www.debuik.nl/amsterdam/restaurant/friedhats-fuku-cafe
Nu gesloten,https://www.debuik.nl/amsterdam/restaurant/jwo-lekkernijen
Nu gesloten,https://www.debuik.nl/amsterdam/restaurant/kafe-kontrast
Nu gesloten,https://www.debuik.nl/amsterdam/restaurant/cue
Nu gesloten,https://www.debuik.nl/amsterdam/restaurant/petit-charcuterie
Nu gesloten,https://www.debuik.nl/amsterdam/restaurant/oma-ietje
Nu gesloten,https://www.debuik.nl/amsterdam/restaurant/caf-binnenvisser
Nu gesloten,https://www.debuik.nl/amsterdam/restaurant/esra
Nu gesloten,https://www.debuik.nl/amsterdam/restaurant/bonboon
Nu gesloten,https://www.debuik.nl/amsterdam/restaurant/hotel-de-goudfazant
Nu gesloten,https://www.debuik.nl/amsterdam/restaurant/brioche
Nu gesloten,https://www.debuik.nl/amsterdam/restaurant/ky
Nu gesloten,https://www.debuik.nl/amsterdam/restaurant/bartje-boemboe
Nu gesloten,https://www.debuik.nl/amsterdam/restaurant/hasta-la-vista-baby
Nu gesloten,https://www.debuik.nl/amsterdam/restaurant/waldo-chocolade-patisserie
Nu gesloten,https://www.debuik.nl/amsterdam/restaurant/volare
Nu gesloten,https://www.debuik.nl/amsterdam/restaurant/selva
Nu gesloten,https://www.debuik.nl/amsterdam/restaurant/restaurant-incanto
Nu gesloten,https://www.debuik.nl/amsterdam/restaurant/restaurant-gebr-hartering
Nu gesloten,https://www.debuik.nl/amsterdam/restaurant/five-ways-coffee
Nu gesloten,https://www.debuik.nl/amsterdam/restaurant/scheepskameel
Nu gesloten,https://www.debuik.nl/amsterdam/restaurant/bar-babar
Nu gesloten,https://www.debuik.nl/amsterdam/restaurant/scandinavian-embassy-bakery-shop
Nu gesloten,https://www.debuik.nl/amsterdam/restaurant/rosario
Nu gesloten,https://www.debuik.nl/amsterdam/restaurant/the-white-room
Nu gesloten,https://www.debuik.nl/amsterdam/restaurant/le-grand-george
Nu gesloten,https://www.debuik.nl/amsterdam/restaurant/212
Nu gesloten,https://www.debuik.nl/amsterdam/restaurant/oche
Nu gesloten,https://www.debuik.nl/amsterdam/restaurant/kaagman-kortekaas
Nu gesloten,https://www.debuik.nl/amsterdam/restaurant/aan-de-poel
Nu gesloten,https://www.debuik.nl/amsterdam/restaurant/osteria-moderna
Nu gesloten,https://www.debuik.nl/amsterdam/restaurant/saint-jean
Nu gesloten,https://www.debuik.nl/amsterdam/restaurant/capital-kitchen
Nu gesloten,https://www.debuik.nl/amsterdam/restaurant/heineken-hoek-bistro
Nu gesloten,https://www.debuik.nl/amsterdam/restaurant/elements
Nu gesloten,https://www.debuik.nl/amsterdam/restaurant/beulings
Nu gesloten,https://www.debuik.nl/amsterdam/restaurant/buffet-van-odette
Nu gesloten,https://www.debuik.nl/amsterdam/restaurant/tewatashi
Nu gesloten,https://www.debuik.nl/amsterdam/restaurant/r21
Nu gesloten,https://www.debuik.nl/amsterdam/restaurant/sins-of-sal
Nu gesloten,https://www.debuik.nl/amsterdam/restaurant/mr-sam
Nu gesloten,https://www.debuik.nl/amsterdam/restaurant/mr-haz-taco-bar
Nu gesloten,https://www.debuik.nl/amsterdam/restaurant/lalibela
Nu gesloten,https://www.debuik.nl/amsterdam/restaurant/vrr
Nu gesloten,https://www.debuik.nl/amsterdam/restaurant/cafe-tepoz
Nu gesloten,https://www.debuik.nl/amsterdam/restaurant/rosel
Nu gesloten,https://www.debuik.nl/amsterdam/restaurant/capetown-social-club
Nu gesloten,https://www.debuik.nl/amsterdam/restaurant/sichuan-territory
Nu gesloten,https://www.debuik.nl/amsterdam/restaurant/t-heemelryck
Nu gesloten Tijdelijk gesloten,https://www.debuik.nl/amsterdam/restaurant/sukhothai-thanee
Nu open,https://www.debuik.nl/amsterdam/restaurant/demetra
Nu open,https://www.debuik.nl/amsterdam/restaurant/proeflokaal-a-van-wees
Nu open,https://www.debuik.nl/amsterdam/restaurant/de-juwelier
Nu open,https://www.debuik.nl/amsterdam/restaurant/cafe-cress
Nu open,https://www.debuik.nl/amsterdam/restaurant/hendrix
Nu open,https://www.debuik.nl/amsterdam/restaurant/buurtcafe-de-tros
Nu open,https://www.debuik.nl/amsterdam/restaurant/vooges-aan-t-ij
Nu open,https://www.debuik.nl/amsterdam/restaurant/teds-oud-west
Nu open,https://www.debuik.nl/amsterdam/restaurant/oceania
Nu open,https://www.debuik.nl/amsterdam/restaurant/kim-s-so-fusion
Nu open,https://www.debuik.nl/amsterdam/restaurant/juana-la-dama
Nu open,https://www.debuik.nl/amsterdam/restaurant/portugalia-tasca
Nu open,https://www.debuik.nl/amsterdam/restaurant/goodies-amsterdam
Nu open,https://www.debuik.nl/amsterdam/restaurant/de-koffieschenkerij
Nu open,https://www.debuik.nl/amsterdam/restaurant/mooie-boules-amsterdam
Nu open,https://www.debuik.nl/amsterdam/restaurant/la-parole
Nu open,https://www.debuik.nl/amsterdam/restaurant/de-ysbreeker
Nu open,https://www.debuik.nl/amsterdam/restaurant/shake-city
Nu open,https://www.debuik.nl/amsterdam/restaurant/spring-cafe-brasserie
Nu open,https://www.debuik.nl/amsterdam/restaurant/kim-chi-wow
Nu open,https://www.debuik.nl/amsterdam/restaurant/bar-bitterbal
Nu open,https://www.debuik.nl/amsterdam/restaurant/east
Nu open,https://www.debuik.nl/amsterdam/restaurant/l-entrecote-et-les-dames
Nu open,https://www.debuik.nl/amsterdam/restaurant/fuku-ramen
Nu open,https://www.debuik.nl/amsterdam/restaurant/nooch
Nu open,https://www.debuik.nl/amsterdam/restaurant/bar-brasserie-occo
Nu open,https://www.debuik.nl/amsterdam/restaurant/pompstation
Nu open,https://www.debuik.nl/amsterdam/restaurant/foodhallen-amsterdam
Nu open,https://www.debuik.nl/amsterdam/restaurant/bar-bellini
Nu open,https://www.debuik.nl/amsterdam/restaurant/ness
Nu open,https://www.debuik.nl/amsterdam/restaurant/gitane
Nu open,https://www.debuik.nl/amsterdam/restaurant/la-contessa
Nu open,https://www.debuik.nl/amsterdam/restaurant/hangar
Nu open,https://www.debuik.nl/amsterdam/restaurant/wako-smokehouse
Nu open,https://www.debuik.nl/amsterdam/restaurant/the-pizza-project
Nu open,https://www.debuik.nl/amsterdam/restaurant/le-hollandais
Nu open,https://www.debuik.nl/amsterdam/restaurant/calf-bloom
Nu open,https://www.debuik.nl/amsterdam/restaurant/bar-bistro-bij-de-c
Nu open,https://www.debuik.nl/amsterdam/restaurant/star-bbq
Nu open,https://www.debuik.nl/amsterdam/restaurant/krua-thai
Nu open,https://www.debuik.nl/amsterdam/restaurant/bar-baarsch
Nu open,https://www.debuik.nl/amsterdam/restaurant/rijks
Nu open,https://www.debuik.nl/amsterdam/restaurant/sagardi
Nu open,https://www.debuik.nl/amsterdam/restaurant/boes-en-beis
Nu open,https://www.debuik.nl/amsterdam/restaurant/caffe-pico
Nu open,https://www.debuik.nl/amsterdam/restaurant/t-blauwe-theehuis
Nu open,https://www.debuik.nl/amsterdam/restaurant/sushi-noord
Nu open,https://www.debuik.nl/amsterdam/restaurant/caf-carbon
Nu open,https://www.debuik.nl/amsterdam/restaurant/monte-pelmo
Nu open,https://www.debuik.nl/amsterdam/restaurant/baut-del-sol
Nu open,https://www.debuik.nl/amsterdam/restaurant/restaurant-ryo
Nu open,https://www.debuik.nl/amsterdam/restaurant/bar-basquiat
Nu open,https://www.debuik.nl/amsterdam/restaurant/luminair
Nu open,https://www.debuik.nl/amsterdam/restaurant/barstro-prins-aap
Nu open,https://www.debuik.nl/amsterdam/restaurant/tula-cantina
Nu open,https://www.debuik.nl/amsterdam/restaurant/de-roode-leeuw
Nu open,https://www.debuik.nl/amsterdam/restaurant/yellow-river-amsterdam
Nu open,https://www.debuik.nl/amsterdam/restaurant/burgermeester
Nu open,https://www.debuik.nl/amsterdam/restaurant/fa-pekelhaaring
Nu open,https://www.debuik.nl/amsterdam/restaurant/heineken-hoek
Nu open,https://www.debuik.nl/amsterdam/restaurant/loop-51
Nu open,https://www.debuik.nl/amsterdam/restaurant/cafe-vita-lente
Nu open,https://www.debuik.nl/amsterdam/restaurant/bar-centraal
Nu open,https://www.debuik.nl/amsterdam/restaurant/de-wasserette
Nu open,https://www.debuik.nl/amsterdam/restaurant/cafe-komeet
Nu open,https://www.debuik.nl/amsterdam/restaurant/hakata-senpachi
Nu open,https://www.debuik.nl/amsterdam/restaurant/hans-im-gluck
Nu open,https://www.debuik.nl/amsterdam/restaurant/auberge-jean-marie
Nu open,https://www.debuik.nl/amsterdam/restaurant/caf-schiller
Nu open,https://www.debuik.nl/amsterdam/restaurant/de-zingende-zwaan
Nu open,https://www.debuik.nl/amsterdam/restaurant/29-spices
Nu open,https://www.debuik.nl/amsterdam/restaurant/massalia-restobar
Nu open,https://www.debuik.nl/amsterdam/restaurant/trattoria-graziella
Nu open,https://www.debuik.nl/amsterdam/restaurant/numero-zero
Nu open,https://www.debuik.nl/amsterdam/restaurant/arie
Nu open,https://www.debuik.nl/amsterdam/restaurant/nikotin
Nu open,https://www.debuik.nl/amsterdam/restaurant/bar-restaurant-lely
Nu open,https://www.debuik.nl/amsterdam/restaurant/bam-boa
Nu open,https://www.debuik.nl/amsterdam/restaurant/tap-zuid
Nu open,https://www.debuik.nl/amsterdam/restaurant/cafe-de-jaren
Nu open,https://www.debuik.nl/amsterdam/restaurant/oriental-city
Nu open,https://www.debuik.nl/amsterdam/restaurant/cafecito-van-baerlestraat
Nu open,https://www.debuik.nl/amsterdam/restaurant/restaurant-de-kas
Nu open,https://www.debuik.nl/amsterdam/restaurant/fred-s-kitchen
Nu open,https://www.debuik.nl/amsterdam/restaurant/caf-wilhelmina
Nu open,https://www.debuik.nl/amsterdam/restaurant/bar-bukowski
Nu open,https://www.debuik.nl/amsterdam/restaurant/heemelrijck-leidseplein
Nu open,https://www.debuik.nl/amsterdam/restaurant/badeta
Nu open,https://www.debuik.nl/amsterdam/restaurant/mai
Nu open,https://www.debuik.nl/amsterdam/restaurant/plant-based-sushi
Nu open,https://www.debuik.nl/amsterdam/restaurant/pesca
Nu open,https://www.debuik.nl/amsterdam/restaurant/mata-hari
Nu open,https://www.debuik.nl/amsterdam/restaurant/roef
Nu open,https://www.debuik.nl/amsterdam/restaurant/two-chefs-bar
Nu open,https://www.debuik.nl/amsterdam/restaurant/miri-mary
Nu open,https://www.debuik.nl/amsterdam/restaurant/herman-herman
Nu open,https://www.debuik.nl/amsterdam/restaurant/sir-hummus
Nu open,https://www.debuik.nl/amsterdam/restaurant/madame-croissant
Nu open,https://www.debuik.nl/amsterdam/restaurant/pelusa
Nu open,https://www.debuik.nl/amsterdam/restaurant/cafe-vertigo
Nu open,https://www.debuik.nl/amsterdam/restaurant/oaxaca
Nu open,https://www.debuik.nl/amsterdam/restaurant/bar-bonnie
Nu open,https://www.debuik.nl/amsterdam/restaurant/spaghetteria
Nu open,https://www.debuik.nl/amsterdam/restaurant/bar-maeve
Nu open,https://www.debuik.nl/amsterdam/restaurant/de-twee-prinsen
Nu open,https://www.debuik.nl/amsterdam/restaurant/zero-zero
Nu open,https://www.debuik.nl/amsterdam/restaurant/blik
Nu open,https://www.debuik.nl/amsterdam/restaurant/the-libanese-sajeria-utrechtsestraat
Nu open,https://www.debuik.nl/amsterdam/restaurant/sea-palace
Nu open,https://www.debuik.nl/amsterdam/restaurant/klein-kalfje
Nu open,https://www.debuik.nl/amsterdam/restaurant/park-caf-restaurant
Nu open,https://www.debuik.nl/amsterdam/restaurant/wilde-zwijnen
Nu open,https://www.debuik.nl/amsterdam/restaurant/broodje-bert
Nu open,https://www.debuik.nl/amsterdam/restaurant/mr-porter
Nu open,https://www.debuik.nl/amsterdam/restaurant/bar-kaspar
Nu open,https://www.debuik.nl/amsterdam/restaurant/oslobeers
Nu open,https://www.debuik.nl/amsterdam/restaurant/4850
Nu open,https://www.debuik.nl/amsterdam/restaurant/krusta
Nu open,https://www.debuik.nl/amsterdam/restaurant/barrica
Nu open,https://www.debuik.nl/amsterdam/restaurant/the-siren
Nu open,https://www.debuik.nl/amsterdam/restaurant/calisto
Nu open,https://www.debuik.nl/amsterdam/restaurant/bodon
Nu open,https://www.debuik.nl/amsterdam/restaurant/sinck
Nu open,https://www.debuik.nl/amsterdam/restaurant/meat-greek
Nu open,https://www.debuik.nl/amsterdam/restaurant/bacalar
Nu open,https://www.debuik.nl/amsterdam/restaurant/de-vergulden-eenhoorn
Nu open,https://www.debuik.nl/amsterdam/restaurant/new-king
Nu open,https://www.debuik.nl/amsterdam/restaurant/the-villy-rhapsody
Nu open,https://www.debuik.nl/amsterdam/restaurant/boi-boi
Nu open,https://www.debuik.nl/amsterdam/restaurant/petitbysam
Nu open,https://www.debuik.nl/amsterdam/restaurant/brunchdale
Nu open,https://www.debuik.nl/amsterdam/restaurant/de-willem
Nu open,https://www.debuik.nl/amsterdam/restaurant/faam
Nu open,https://www.debuik.nl/amsterdam/restaurant/super-lyan
Nu open,https://www.debuik.nl/amsterdam/restaurant/bar-baggerbeest
Nu open,https://www.debuik.nl/amsterdam/restaurant/bar-hendrik
Nu open,https://www.debuik.nl/amsterdam/restaurant/bunbun
Nu open,https://www.debuik.nl/amsterdam/restaurant/de-paskamer
Nu open,https://www.debuik.nl/amsterdam/restaurant/couscousbar
Nu open,https://www.debuik.nl/amsterdam/restaurant/janana-burger
Nu open,https://www.debuik.nl/amsterdam/restaurant/snackbar-de-buurman
Nu open,https://www.debuik.nl/amsterdam/restaurant/kokomo
Nu open,https://www.debuik.nl/amsterdam/restaurant/mossel-gin
Nu open,https://www.debuik.nl/amsterdam/restaurant/a-beautiful-mess
Nu open,https://www.debuik.nl/amsterdam/restaurant/vermeers-wijnkamer
Nu open,https://www.debuik.nl/amsterdam/restaurant/vleminckx
Nu open,https://www.debuik.nl/amsterdam/restaurant/europa
Nu open,https://www.debuik.nl/amsterdam/restaurant/moon
Nu open,https://www.debuik.nl/amsterdam/restaurant/canvas-volkshotel
Nu open,https://www.debuik.nl/amsterdam/restaurant/cafe-jansen
Nu open,https://www.debuik.nl/amsterdam/restaurant/satchmo
Nu open,https://www.debuik.nl/amsterdam/restaurant/kien
Nu open,https://www.debuik.nl/amsterdam/restaurant/little-collins
Nu open,https://www.debuik.nl/amsterdam/restaurant/sebastian
Nu open,https://www.debuik.nl/amsterdam/restaurant/louie-louie
Nu open,https://www.debuik.nl/amsterdam/restaurant/nam-kee
Nu open,https://www.debuik.nl/amsterdam/restaurant/fc-hyena
Nu open,https://www.debuik.nl/amsterdam/restaurant/satay-club
Nu open,https://www.debuik.nl/amsterdam/restaurant/flying-dutchmen
Nu open,https://www.debuik.nl/amsterdam/restaurant/w-lounge-w-hotel
Nu open,https://www.debuik.nl/amsterdam/restaurant/the-marlin-bar
Nu open,https://www.debuik.nl/amsterdam/restaurant/saravana-bhavan
Nu open,https://www.debuik.nl/amsterdam/restaurant/the-seafood-bar
Nu open,https://www.debuik.nl/amsterdam/restaurant/clos
Nu open,https://www.debuik.nl/amsterdam/restaurant/caf-restaurant-hoogendam
Nu open,https://www.debuik.nl/amsterdam/restaurant/the-lebanese-sajeria
Nu open,https://www.debuik.nl/amsterdam/restaurant/oriole
Nu open,https://www.debuik.nl/amsterdam/restaurant/davie-s
Nu open,https://www.debuik.nl/amsterdam/restaurant/maris-piper
Nu open,https://www.debuik.nl/amsterdam/restaurant/de-plantage
Nu open,https://www.debuik.nl/amsterdam/restaurant/bhatti-pasal-klinkers
Nu open,https://www.debuik.nl/amsterdam/restaurant/the-bowery
Nu open,https://www.debuik.nl/amsterdam/restaurant/cafe-beurre
Nu open,https://www.debuik.nl/amsterdam/restaurant/sjefietshe
Nu open,https://www.debuik.nl/amsterdam/restaurant/vessel
Nu open,https://www.debuik.nl/amsterdam/restaurant/birdies
Nu open,https://www.debuik.nl/amsterdam/restaurant/la-perla
Nu open,https://www.debuik.nl/amsterdam/restaurant/jansz
Nu open,https://www.debuik.nl/amsterdam/restaurant/brouwerij-t-ij
Nu open,https://www.debuik.nl/amsterdam/restaurant/nonna
Nu open,https://www.debuik.nl/amsterdam/restaurant/veneur
Nu open,https://www.debuik.nl/amsterdam/restaurant/veganees
Nu open,https://www.debuik.nl/amsterdam/restaurant/baires
Nu open,https://www.debuik.nl/amsterdam/restaurant/t-nieuwe-diep
Nu open,https://www.debuik.nl/amsterdam/restaurant/bar-mokum
Nu open,https://www.debuik.nl/amsterdam/restaurant/the-harbour-club
Nu open,https://www.debuik.nl/amsterdam/restaurant/bar-lusconi-cucina-italiana
Nu open,https://www.debuik.nl/amsterdam/restaurant/stadscaf-van-mechelen
Nu open,https://www.debuik.nl/amsterdam/restaurant/cannibale-royale
Nu open,https://www.debuik.nl/amsterdam/restaurant/bird
Nu open,https://www.debuik.nl/amsterdam/restaurant/paiks-noodles
Nu open,https://www.debuik.nl/amsterdam/restaurant/caf-keppler
Nu open,https://www.debuik.nl/amsterdam/restaurant/leonardo-s-ravioli-bar
Nu open,https://www.debuik.nl/amsterdam/restaurant/wijnbar-vindict
Nu open,https://www.debuik.nl/amsterdam/restaurant/bar-kartel-little-kitchen
Nu open,https://www.debuik.nl/amsterdam/restaurant/cafe-jakarta
Nu open,https://www.debuik.nl/amsterdam/restaurant/republiek-bloemendaal
Nu open,https://www.debuik.nl/amsterdam/restaurant/eatsmosfera-oost
Nu open,https://www.debuik.nl/amsterdam/restaurant/de-japanner-zuid
Nu open,https://www.debuik.nl/amsterdam/restaurant/bartack
Nu open,https://www.debuik.nl/amsterdam/restaurant/bar-jules
Nu open,https://www.debuik.nl/amsterdam/restaurant/parakeet-nacho-restaurant
Nu open,https://www.debuik.nl/amsterdam/restaurant/bella-storia
Nu open,https://www.debuik.nl/amsterdam/restaurant/klaproos
Nu open,https://www.debuik.nl/amsterdam/restaurant/dignita-hoftuin
Nu open,https://www.debuik.nl/amsterdam/restaurant/carroll-s
Nu open,https://www.debuik.nl/amsterdam/restaurant/mesa-mesa
Nu open,https://www.debuik.nl/amsterdam/restaurant/frietboutique-amsterdam
Nu open,https://www.debuik.nl/amsterdam/restaurant/vicio-il-mastro-pastaio
Nu open,https://www.debuik.nl/amsterdam/restaurant/pizzeria-da-michele
Nu open,https://www.debuik.nl/amsterdam/restaurant/dinette
Nu open,https://www.debuik.nl/amsterdam/restaurant/kathmandu-kitchen
Nu open,https://www.debuik.nl/amsterdam/restaurant/marie
Nu open,https://www.debuik.nl/amsterdam/restaurant/terrasmus
Nu open,https://www.debuik.nl/amsterdam/restaurant/restaurant-eeuwen
Nu open,https://www.debuik.nl/amsterdam/restaurant/sababa
Nu open,https://www.debuik.nl/amsterdam/restaurant/duende
Nu open,https://www.debuik.nl/amsterdam/restaurant/dauphine
Nu open,https://www.debuik.nl/amsterdam/restaurant/bar-mash
Nu open,https://www.debuik.nl/amsterdam/restaurant/zamen
Nu open,https://www.debuik.nl/amsterdam/restaurant/thull-s
Nu open,https://www.debuik.nl/amsterdam/restaurant/senses
Nu open,https://www.debuik.nl/amsterdam/restaurant/eetcafe-maud
Nu open,https://www.debuik.nl/amsterdam/restaurant/bar-u-y-t
Nu open,https://www.debuik.nl/amsterdam/restaurant/brut-de-mer
Nu open,https://www.debuik.nl/amsterdam/restaurant/de-tulp
Nu open,https://www.debuik.nl/amsterdam/restaurant/sichuan-restaurant-amsterdam
Nu open,https://www.debuik.nl/amsterdam/restaurant/bar-hout
Nu open,https://www.debuik.nl/amsterdam/restaurant/bridges
Nu open,https://www.debuik.nl/amsterdam/restaurant/lolita
Nu open,https://www.debuik.nl/amsterdam/restaurant/oedipus
Nu open,https://www.debuik.nl/amsterdam/restaurant/de-wijnkaart
Nu open,https://www.debuik.nl/amsterdam/restaurant/esh-pitaria-bar
Nu open,https://www.debuik.nl/amsterdam/restaurant/pllek
Nu open,https://www.debuik.nl/amsterdam/restaurant/mediamatic-eten
Nu open,https://www.debuik.nl/amsterdam/restaurant/tapperij-de-eeuwige-jeugd
Nu open,https://www.debuik.nl/amsterdam/restaurant/lova
Nu open,https://www.debuik.nl/amsterdam/restaurant/caf-bax
Nu open,https://www.debuik.nl/amsterdam/restaurant/restaurant-nour
Nu open,https://www.debuik.nl/amsterdam/restaurant/lokaal-van-de-stad
Nu open,https://www.debuik.nl/amsterdam/restaurant/bar-kantoor
Nu open,https://www.debuik.nl/amsterdam/restaurant/tent-6
Nu open,https://www.debuik.nl/amsterdam/restaurant/de-mark
Nu open,https://www.debuik.nl/amsterdam/restaurant/amra
Nu open,https://www.debuik.nl/amsterdam/restaurant/cafe-struis
Nu open,https://www.debuik.nl/amsterdam/restaurant/bar-turbo
Nu open,https://www.debuik.nl/amsterdam/restaurant/daalder-nieuw
Nu open,https://www.debuik.nl/amsterdam/restaurant/caf-wiesje
Nu open,https://www.debuik.nl/amsterdam/restaurant/gent-aan-de-schinkel
Nu open,https://www.debuik.nl/amsterdam/restaurant/aloha
Nu open,https://www.debuik.nl/amsterdam/restaurant/lucius-visrestaurant
Nu open,https://www.debuik.nl/amsterdam/restaurant/thaicoon
Nu open,https://www.debuik.nl/amsterdam/restaurant/neni-amsterdam
Nu open,https://www.debuik.nl/amsterdam/restaurant/brouwerij-troost
Nu open,https://www.debuik.nl/amsterdam/restaurant/cafe-restobar-v12
Nu open,https://www.debuik.nl/amsterdam/restaurant/camarat
Nu open,https://www.debuik.nl/amsterdam/restaurant/bon-burger-bar
Nu open,https://www.debuik.nl/amsterdam/restaurant/het-broeker-huis
Nu open,https://www.debuik.nl/amsterdam/restaurant/restaurant-hendrik
Nu open,https://www.debuik.nl/amsterdam/restaurant/l-osteria
Nu open,https://www.debuik.nl/amsterdam/restaurant/pacific
Nu open,https://www.debuik.nl/amsterdam/restaurant/belly-of-the-beast
Nu open,https://www.debuik.nl/amsterdam/restaurant/de-nada
Nu open,https://www.debuik.nl/amsterdam/restaurant/mitts
Nu open,https://www.debuik.nl/amsterdam/restaurant/oocker
Nu open,https://www.debuik.nl/amsterdam/restaurant/the-pizza-vagabond
Nu open,https://www.debuik.nl/amsterdam/restaurant/le-french-cafe-admiraal-de-ruijterweg
Nu open,https://www.debuik.nl/amsterdam/restaurant/otemba-gyoza
Nu open,https://www.debuik.nl/amsterdam/restaurant/la-nostra-gigi
Nu open,https://www.debuik.nl/amsterdam/restaurant/leo
Nu open,https://www.debuik.nl/amsterdam/restaurant/caf-restaurant-verlan
Nu open,https://www.debuik.nl/amsterdam/restaurant/la-dilettante
Nu open,https://www.debuik.nl/amsterdam/restaurant/bar-parry
Nu open,https://www.debuik.nl/amsterdam/restaurant/de-biertuin-prinsengracht
Nu open,https://www.debuik.nl/amsterdam/restaurant/olid
Nu open,https://www.debuik.nl/amsterdam/restaurant/ron-gastrobar-bij-de-c
Nu open,https://www.debuik.nl/amsterdam/restaurant/warung-spang-makandra
Nu open,https://www.debuik.nl/amsterdam/restaurant/de-kop-van-oost
Nu open,https://www.debuik.nl/amsterdam/restaurant/massimo-gelato
Nu open,https://www.debuik.nl/amsterdam/restaurant/nomi
Nu open,https://www.debuik.nl/amsterdam/restaurant/jack-dish
Nu open,https://www.debuik.nl/amsterdam/restaurant/lebkov-and-sons
Nu open,https://www.debuik.nl/amsterdam/restaurant/blauw
Nu open,https://www.debuik.nl/amsterdam/restaurant/czaar
Nu open,https://www.debuik.nl/amsterdam/restaurant/troef
Nu open,https://www.debuik.nl/amsterdam/restaurant/lombardo-s
Nu open,https://www.debuik.nl/amsterdam/restaurant/brasserie-van-dam
Nu open,https://www.debuik.nl/amsterdam/restaurant/toscanini-deli
Nu open,https://www.debuik.nl/amsterdam/restaurant/helling-7
Nu open,https://www.debuik.nl/amsterdam/restaurant/caf-americain
Nu open,https://www.debuik.nl/amsterdam/restaurant/petit-heemelrijck
Nu open,https://www.debuik.nl/amsterdam/restaurant/brasserie-ambassade
Nu open,https://www.debuik.nl/amsterdam/restaurant/elixer
Nu open,https://www.debuik.nl/amsterdam/restaurant/de-biertuin-mercatorplein
Nu open,https://www.debuik.nl/amsterdam/restaurant/restaurant-lier
Nu open,https://www.debuik.nl/amsterdam/restaurant/the-cottage
Nu open,https://www.debuik.nl/amsterdam/restaurant/restaurant-amsterdam
Nu open,https://www.debuik.nl/amsterdam/restaurant/jondani-downtown
Nu open,https://www.debuik.nl/amsterdam/restaurant/samuel-s
Nu open,https://www.debuik.nl/amsterdam/restaurant/bussia
Nu open,https://www.debuik.nl/amsterdam/restaurant/morgan-mees
Nu open,https://www.debuik.nl/amsterdam/restaurant/le-french-cafe
Nu open,https://www.debuik.nl/amsterdam/restaurant/de-neef-van-fred
Nu open,https://www.debuik.nl/amsterdam/restaurant/we-are-edn
Nu open,https://www.debuik.nl/amsterdam/restaurant/bar-chimi
Nu open,https://www.debuik.nl/amsterdam/restaurant/bistro-de-la-mer
Nu open,https://www.debuik.nl/amsterdam/restaurant/bar-restaurant-van-de-werf
Nu open,https://www.debuik.nl/amsterdam/restaurant/cafe-maxwell
Nu open,https://www.debuik.nl/amsterdam/restaurant/venster33
Nu open,https://www.debuik.nl/amsterdam/restaurant/eetcaf-edita
Nu open,https://www.debuik.nl/amsterdam/restaurant/jacob-restobar
Nu open,https://www.debuik.nl/amsterdam/restaurant/nnea
Nu open,https://www.debuik.nl/amsterdam/restaurant/gebrouwen-door-vrouwen-bar
Nu open,https://www.debuik.nl/amsterdam/restaurant/venus-adonis
Nu open,https://www.debuik.nl/amsterdam/restaurant/ikaria-park
Nu open,https://www.debuik.nl/amsterdam/restaurant/restaurant-roux
Nu open,https://www.debuik.nl/amsterdam/restaurant/bak
Nu open,https://www.debuik.nl/amsterdam/restaurant/laffa
Nu open,https://www.debuik.nl/amsterdam/restaurant/cafe-restaurant-de-reiger
Nu open,https://www.debuik.nl/amsterdam/restaurant/oslo-amsterdam
Nu open,https://www.debuik.nl/amsterdam/restaurant/de-pizzabakkers-zuidas
Nu open,https://www.debuik.nl/amsterdam/restaurant/restaurant-freud
Nu open,https://www.debuik.nl/amsterdam/restaurant/lomnava-kenkey-house
Nu open,https://www.debuik.nl/amsterdam/restaurant/spirit
Nu open,https://www.debuik.nl/amsterdam/restaurant/ron-gastrobar-indonesia-amstelveen
Nu open,https://www.debuik.nl/amsterdam/restaurant/brouwerij-de-prael
Nu open,https://www.debuik.nl/amsterdam/restaurant/leo-goudvisch
Nu open,https://www.debuik.nl/amsterdam/restaurant/sinne
Nu open,https://www.debuik.nl/amsterdam/restaurant/bulls-and-dogs
Nu open,https://www.debuik.nl/amsterdam/restaurant/restaurant-entrepot
Nu open,https://www.debuik.nl/amsterdam/restaurant/buurt-amsterdam
Nu open,https://www.debuik.nl/amsterdam/restaurant/bunk-amsterdam
Nu open,https://www.debuik.nl/amsterdam/restaurant/cafe-bica
Nu open,https://www.debuik.nl/amsterdam/restaurant/bennie-s-cafe-restaurant
Nu open,https://www.debuik.nl/amsterdam/restaurant/the-lobby-fizeau
Nu open,https://www.debuik.nl/amsterdam/restaurant/ami-cafe-manger
Nu open,https://www.debuik.nl/amsterdam/restaurant/linguini
Nu open,https://www.debuik.nl/amsterdam/restaurant/miuz
Nu open,https://www.debuik.nl/amsterdam/restaurant/remise47
Nu open,https://www.debuik.nl/amsterdam/restaurant/proeflokaal-arendsnest
Nu open,https://www.debuik.nl/amsterdam/restaurant/fosfor
Nu open,https://www.debuik.nl/amsterdam/restaurant/cancun
Nu open,https://www.debuik.nl/amsterdam/restaurant/ron-gastrobar-indonesia
Nu open,https://www.debuik.nl/amsterdam/restaurant/the-sandwich-bar
Nu open,https://www.debuik.nl/amsterdam/restaurant/fou-fow-ramen
Nu open,https://www.debuik.nl/amsterdam/restaurant/rouhi
Nu open,https://www.debuik.nl/amsterdam/restaurant/hummus-bistro-d-a
Nu open,https://www.debuik.nl/amsterdam/restaurant/brecht
Nu open,https://www.debuik.nl/amsterdam/restaurant/kanarie-club
Nu open,https://www.debuik.nl/amsterdam/restaurant/the-black-dog
Nu open,https://www.debuik.nl/amsterdam/restaurant/ela-restobar
Nu open,https://www.debuik.nl/amsterdam/restaurant/floor17-ramada-apollo
Nu open,https://www.debuik.nl/amsterdam/restaurant/nyonya-malaysia-restaurant
Nu open,https://www.debuik.nl/amsterdam/restaurant/char-d
Nu open,https://www.debuik.nl/amsterdam/restaurant/cafe-restaurant-metro
Nu open,https://www.debuik.nl/amsterdam/restaurant/mister-chen
Nu open,https://www.debuik.nl/amsterdam/restaurant/karavaan
Nu open,https://www.debuik.nl/amsterdam/restaurant/caf-kuyl
Nu open,https://www.debuik.nl/amsterdam/restaurant/polly-goudvisch
Nu open,https://www.debuik.nl/amsterdam/restaurant/bar-lempicka
Nu open,https://www.debuik.nl/amsterdam/restaurant/ron-gastrobar
Nu open,https://www.debuik.nl/amsterdam/restaurant/orchid-house
Nu open,https://www.debuik.nl/amsterdam/restaurant/badhuis-amsterdam
Nu open,https://www.debuik.nl/amsterdam/restaurant/the-beef-chief
Nu open,https://www.debuik.nl/amsterdam/restaurant/soju-bar
Nu open,https://www.debuik.nl/amsterdam/restaurant/nomads
Nu open,https://www.debuik.nl/amsterdam/restaurant/silk
Nu open,https://www.debuik.nl/amsterdam/restaurant/caf-de-ceuvel
Nu open,https://www.debuik.nl/amsterdam/restaurant/the-lobby-nesplein
Nu open,https://www.debuik.nl/amsterdam/restaurant/bar-botanique
Nu open,https://www.debuik.nl/amsterdam/restaurant/ram-s-roti
Nu open,https://www.debuik.nl/amsterdam/restaurant/merkelbach
Nu open,https://www.debuik.nl/amsterdam/restaurant/baut-oost
Nu open,https://www.debuik.nl/amsterdam/restaurant/batoni-khinkali
Nu open,https://www.debuik.nl/amsterdam/restaurant/bistro-neuf
Nu open,https://www.debuik.nl/amsterdam/restaurant/momo
Nu open,https://www.debuik.nl/amsterdam/restaurant/de-biertuin
Nu open,https://www.debuik.nl/amsterdam/restaurant/pepito-bar-tapas
Nu open,https://www.debuik.nl/amsterdam/restaurant/catuabar
Nu open,https://www.debuik.nl/amsterdam/restaurant/kaap-amsterdam
Nu open,https://www.debuik.nl/amsterdam/restaurant/dudok-aan-t-ij
Nu open,https://www.debuik.nl/amsterdam/restaurant/westervilla
Nu open,https://www.debuik.nl/amsterdam/restaurant/the-traveller
Nu open,https://www.debuik.nl/amsterdam/restaurant/amstelhaven
Nu open,https://www.debuik.nl/amsterdam/restaurant/de-verbroederij
Nu open,https://www.debuik.nl/amsterdam/restaurant/de-klepel
Nu open,https://www.debuik.nl/amsterdam/restaurant/scandinavian-embassy
Nu open,https://www.debuik.nl/amsterdam/restaurant/little-bonfire
Nu open,https://www.debuik.nl/amsterdam/restaurant/umami-by-han
Nu open,https://www.debuik.nl/amsterdam/restaurant/ijver
Nu open,https://www.debuik.nl/amsterdam/restaurant/kikkie
Nu open,https://www.debuik.nl/amsterdam/restaurant/de-kaasbar
Nu open,https://www.debuik.nl/amsterdam/restaurant/bistro-toost
Nu open,https://www.debuik.nl/amsterdam/restaurant/wegrestaurant-zacht-staal
Nu open,https://www.debuik.nl/amsterdam/restaurant/gio-s-by-the-river
Nu open,https://www.debuik.nl/amsterdam/restaurant/cantine-de-caron
Nu open,https://www.debuik.nl/amsterdam/restaurant/restobar-no-nonsense
Nu open,https://www.debuik.nl/amsterdam/restaurant/oeuf
Nu open,https://www.debuik.nl/amsterdam/restaurant/Twentysix
Nu open,https://www.debuik.nl/amsterdam/restaurant/schuurmanoomkensgrassotti
Nu open,https://www.debuik.nl/amsterdam/restaurant/euro-pizza
Nu open,https://www.debuik.nl/amsterdam/restaurant/strangelove-in-lab111
Nu open,https://www.debuik.nl/amsterdam/restaurant/tozi
Nu open,https://www.debuik.nl/amsterdam/restaurant/marathonweg
Nu open,https://www.debuik.nl/amsterdam/restaurant/cafe-marcella
Nu open,https://www.debuik.nl/amsterdam/restaurant/gyojasang
Nu open,https://www.debuik.nl/amsterdam/restaurant/bar-baut-zuid
Nu open,https://www.debuik.nl/amsterdam/restaurant/brasserie-van-baerle
Nu open,https://www.debuik.nl/amsterdam/restaurant/rosti
Nu open,https://www.debuik.nl/amsterdam/restaurant/ms-chelin
Nu open,https://www.debuik.nl/amsterdam/restaurant/terrazen-centre
Nu open,https://www.debuik.nl/amsterdam/restaurant/poppies
Nu open,https://www.debuik.nl/amsterdam/restaurant/hot-hot-chinatown
Nu open,https://www.debuik.nl/amsterdam/restaurant/genki
Nu open,https://www.debuik.nl/amsterdam/restaurant/amstel-boathouse
Nu open,https://www.debuik.nl/amsterdam/restaurant/charcuteria
Nu open,https://www.debuik.nl/amsterdam/restaurant/franz
Nu open,https://www.debuik.nl/amsterdam/restaurant/juhique
Nu open,https://www.debuik.nl/amsterdam/restaurant/ter-marsch-co-amsterdam
Nu open,https://www.debuik.nl/amsterdam/restaurant/de-watergang
Nu open,https://www.debuik.nl/amsterdam/restaurant/pension-homeland
Nu open,https://www.debuik.nl/amsterdam/restaurant/cantina-l-esquina
Nu open,https://www.debuik.nl/amsterdam/restaurant/wow-crab
Nu open,https://www.debuik.nl/amsterdam/restaurant/vis-aan-de-schelde
Nu open,https://www.debuik.nl/amsterdam/restaurant/izakaya-asian-kitchen-bar
Nu open,https://www.debuik.nl/amsterdam/restaurant/de-huyschkaemer
Nu open,https://www.debuik.nl/amsterdam/restaurant/caf-restaurant-sandberg
Nu open,https://www.debuik.nl/amsterdam/restaurant/op-t-eiland
Nu open,https://www.debuik.nl/amsterdam/restaurant/moos
Nu open,https://www.debuik.nl/amsterdam/restaurant/et-claire
Nu open,https://www.debuik.nl/amsterdam/restaurant/papa-thang
Nu open,https://www.debuik.nl/amsterdam/restaurant/roest
Nu open,https://www.debuik.nl/amsterdam/restaurant/yamazato
Nu open,https://www.debuik.nl/amsterdam/restaurant/glou-glou
Nu open,https://www.debuik.nl/amsterdam/restaurant/gifu-ramen-bar
Nu open,https://www.debuik.nl/amsterdam/restaurant/cafe-nieuw-amsterdam
Nu open,https://www.debuik.nl/amsterdam/restaurant/wils-bakery-cafe
Nu open,https://www.debuik.nl/amsterdam/restaurant/ken-sushi
Nu open,https://www.debuik.nl/amsterdam/restaurant/barossa
Nu open,https://www.debuik.nl/amsterdam/restaurant/nela
Nu open,https://www.debuik.nl/amsterdam/restaurant/hot-hot-hobbemakade
Nu open,https://www.debuik.nl/amsterdam/restaurant/salut
Nu open,https://www.debuik.nl/amsterdam/restaurant/gertrude
Nu open,https://www.debuik.nl/amsterdam/restaurant/vegan-junk-food-bar
Nu open,https://www.debuik.nl/amsterdam/restaurant/lotti-s
Nu open,https://www.debuik.nl/amsterdam/restaurant/the-butcher
Nu open,https://www.debuik.nl/amsterdam/restaurant/stacks-deli
Nu open,https://www.debuik.nl/amsterdam/restaurant/williams-farmhouse
Nu open,https://www.debuik.nl/amsterdam/restaurant/brasserie-margaux
Nu open,https://www.debuik.nl/amsterdam/restaurant/boon-en-de-koot
Nu open,https://www.debuik.nl/amsterdam/restaurant/casa-di-david
Nu open,https://www.debuik.nl/amsterdam/restaurant/luz-restobar
Nu open,https://www.debuik.nl/amsterdam/restaurant/thuis-aan-de-amstel
Nu open,https://www.debuik.nl/amsterdam/restaurant/ente
Nu open,https://www.debuik.nl/amsterdam/restaurant/bistro-berlage
Nu open,https://www.debuik.nl/amsterdam/restaurant/stacks-diner
Nu open,https://www.debuik.nl/amsterdam/restaurant/rufus
Nu open,https://www.debuik.nl/amsterdam/restaurant/mr-meat-steakhouse
Nu open,https://www.debuik.nl/amsterdam/restaurant/sapporo-ramen-sora
Nu open,https://www.debuik.nl/amsterdam/restaurant/pho-91
Nu open,https://www.debuik.nl/amsterdam/restaurant/het-lagerhuys
Nu open,https://www.debuik.nl/amsterdam/restaurant/lowlander-botanical-bar-restaurant
Nu open,https://www.debuik.nl/amsterdam/restaurant/ode-aan-de-amstel
Nu open,https://www.debuik.nl/amsterdam/restaurant/rasoi
Nu open,https://www.debuik.nl/amsterdam/restaurant/caf-kuijper
Nu open,https://www.debuik.nl/amsterdam/restaurant/parlotte
Numero Zero,https://www.debuik.nl/amsterdam/restaurant/numero-zero
"Numero Zero aan de Hogeweg is een Italiaanse bistro met natuurwijnen en Italiaanse klassiekers, aangepast aan de smaken van de wereld.",https://www.debuik.nl/amsterdam/restaurant/numero-zero
Nyonya Malaysia Restaurant,https://www.debuik.nl/amsterdam/restaurant/nyonya-malaysia-restaurant
Nyonya Malaysia Restaurant is een klein en knus Maleisisch restaurant aan de Nieuwmarkt. Je komt hier onder andere voor de heerlijke curries.,https://www.debuik.nl/amsterdam/restaurant/nyonya-malaysia-restaurant
OSLO Amsterdam,https://www.debuik.nl/amsterdam/restaurant/oslo-amsterdam
OSLO Bakery in de Prinsenstraat is de plek voor authentieke Scandinavische kaneel & kardemom buns en fijne koffie.,https://www.debuik.nl/amsterdam/restaurant/oslo-amsterdam
Oaxaca,https://www.debuik.nl/amsterdam/restaurant/oaxaca
Oceania,https://www.debuik.nl/amsterdam/restaurant/oceania
Oche,https://www.debuik.nl/amsterdam/restaurant/oche
Oche Amsterdam: het plezier van spel en gastronomie verbindt en brengt elkaar op een unieke manier samen. Gastro-gaming is dan ook een schot in de roos!,https://www.debuik.nl/amsterdam/restaurant/oche
Ode aan de Amstel,https://www.debuik.nl/amsterdam/restaurant/ode-aan-de-amstel
"Ode aan de Amstel, de naam zegt het al. Een paviljoen aan de Amstel met een prachtig terras waar je kunt genieten van all-day dining klassiekers aan het water.",https://www.debuik.nl/amsterdam/restaurant/ode-aan-de-amstel
Oedipus Craft Space,https://www.debuik.nl/amsterdam/restaurant/oedipus
"Oedipus is de perfecte plek voor een speciaalbiertje in Amsterdam Noord. Naast huisgebrouwen bier drinken, kun je hier ook burgers eten van The Beef Chief.",https://www.debuik.nl/amsterdam/restaurant/oedipus
Oeuf,https://www.debuik.nl/amsterdam/restaurant/oeuf
"Of je nou alleen wat wil drinken, borrelen of uitgebreid wil dineren, bij de tapas- en wijnbar Peps aan de Bilderdijkstraat mag het allemaal.",https://www.debuik.nl/amsterdam/restaurant/peps
Oficina,https://www.debuik.nl/amsterdam/restaurant/oficina
Olidò,https://www.debuik.nl/amsterdam/restaurant/olid
Oma Ietje,https://www.debuik.nl/amsterdam/restaurant/oma-ietje
Omakase Amsterdam,https://www.debuik.nl/amsterdam/restaurant/omakase-amsterdam
Onigiri YA!,https://www.debuik.nl/amsterdam/restaurant/onigiri-ya
"Ontbijt en lunchcafe met Italiaanse touch van, hoe kan het ook anders, Italiaanse eigenaren.",https://www.debuik.nl/amsterdam/restaurant/baretto
"Ontbijt, brunch en lunch cafe met een huiselijke sfeer op een hoekje van de Nieuwezijds Kolk.",https://www.debuik.nl/amsterdam/restaurant/mortimer
"Ontdek Bar Baggerbeest in de Sluisbuurt: steenovenpizza’s, biologische wijnen en een bruisend podium voor muziek, spoken word en theater.",https://www.debuik.nl/amsterdam/restaurant/bar-baggerbeest
"Ontdek Counter aan de Czaar Peterstraat: doordeweeks plantbased sandwiches, in het weekend een gezellige natuurlijke wijnbar met betaalbare combo’s.",https://www.debuik.nl/amsterdam/restaurant/counter
"Ontdek Leo, het nieuwe café, bistro en bar van de Familie Goudvisch aan het Beukenplein in Oost. Geniet van het ruime terras van dit buurtcafé.",https://www.debuik.nl/amsterdam/restaurant/leo
"Ontdek allerlei soorten Aziatische gerechten bij Mai Kitchen in Amsterdam. Geniet van verrassende Jianbing, dumplings en meer in een sfeervolle setting.",https://www.debuik.nl/amsterdam/restaurant/mai-kitchen
Ontsnap de stad even bij Café de Ceuvel in Amsterdam-Noord. Met lekker weer zit je hier heerlijk op het grote terras.,https://www.debuik.nl/amsterdam/restaurant/caf-de-ceuvel
Oocker,https://www.debuik.nl/amsterdam/restaurant/oocker
"Oocker is een resto(wijn)bar met een enorm assortiment wijnen, ook per glas, en een fijne mediterraanse keuken in een sfeervol licht pand met klein zonnig terras aan de rustige kant van het Frederiksplein.",https://www.debuik.nl/amsterdam/restaurant/oocker
Ooit begonnen als pop-up is Sjefietshe nu een vast onderdeel van de Amsterdamse restaurantscene. Hier eet je niet alleen ceviche maar ook andere fijne visgerechten.,https://www.debuik.nl/amsterdam/restaurant/sjefietshe
Op 't Eiland,https://www.debuik.nl/amsterdam/restaurant/op-t-eiland
"Op 85 meter hoogte bevindt zich Floor17 op het Leonardo Hotel Amsterdam Rembrandtpark. Hier kun je lunchen, dineren en een dansje doen met een spectaculaire uitzicht over Amsterdam.",https://www.debuik.nl/amsterdam/restaurant/floor17-ramada-apollo
"Op de 19e etage van het INNSiDE Melia Hotel vind je Hasta La Vista, Baby! met fine dining tapas, cocktails en een fantastisch uitzicht over Amsterdam",https://www.debuik.nl/amsterdam/restaurant/hasta-la-vista-baby
Op de 19e verdieping van de A'DAM toren vind je Moon. Inspired by Jamie van Heije en een muzikale gastchef die het thema van het menu bepaald.,https://www.debuik.nl/amsterdam/restaurant/moon
Op de 23e verdieping van het Okura hotel vind je Ciel Bleu Restaurant. In deze twee sterrenzaak eet je op je op hoog niveau.,https://www.debuik.nl/amsterdam/restaurant/ciel-bleu-restaurant
Op de Gerard Doustraat vind je al sinds 1978 de Originele Javaan Surinaams eethuis in Amsterdam.,https://www.debuik.nl/amsterdam/restaurant/warung-spang-makandra
"Op de Jan van Galenstraat op een steenworp van het OLVG West vind je Boes en Beis, een vrolijke buurthuiskamer met veel aanloop en een zonnig terras.",https://www.debuik.nl/amsterdam/restaurant/boes-en-beis
Op de Singel is sinds 1976 de hoeksteen van de Italiaanse keuken in Amsterdam gehuisvest. Bij Casa di David wordt al bijna 50 jaar klassiek Italiaans gegeten.,https://www.debuik.nl/amsterdam/restaurant/casa-di-david
"Op de Westergasfabriek vind je Bar Kantoor, waar je terecht kan voor borrels en bio maaltijden. Op zondag is er live muziek, en elke vrijdag een vrijmibo.",https://www.debuik.nl/amsterdam/restaurant/bar-kantoor
Op de begane grond van het Conservatorium Hotel vind je de vernieuwde brasserie Barbounia met een Mediterraanse keuken.,https://www.debuik.nl/amsterdam/restaurant/barbounia
"Op de eerste etage van Heineken Hoek vind je de Bistro: de perfecte plek om even snel twee gangetjes te eten, eventueel met een karafje van je favoriete wijn.",https://www.debuik.nl/amsterdam/restaurant/heineken-hoek-bistro
Op de hoek bij de Prinsengracht en de Westerdok zit Hoogendam. Een fijne plek van ontbijt tot drinks of diner met een geweldig terras vol zon voor de zaak.,https://www.debuik.nl/amsterdam/restaurant/caf-restaurant-hoogendam
Op de hoek van de Juliana van Stolbergstraat en de Willem de Zwijgerlaan zit Lupe een Mexicaans eetcafe van de eveneens Mexicaanse broers Pedro & Juan,https://www.debuik.nl/amsterdam/restaurant/lupe
Op de oude hoekplek van de Veganees is het ouderwets gezellige buurtcafe Kompleet neergestreken waar je van koffie tot cocktail terecht kunt.,https://www.debuik.nl/amsterdam/restaurant/cafe-komeet
"Op de oude plek van Amoi opende Nooch met een creatieve Aziatische kaart. Van sushi, gyoza en saté tot pad thai, nasi kambing en yaki ramen noodles.",https://www.debuik.nl/amsterdam/restaurant/nooch
Op de oude plek van Wijnbar Boelen opent Cas Jansen in mei 2024 Bar Maeve. Je kunt er terecht voor een gezellige borrel met je vrienden op het terras.,https://www.debuik.nl/amsterdam/restaurant/bar-maeve
Op de plek van Silom Thai heeft Bas Huijgens zijn eigen Aziatische droom geopend. Met Chop Chop biedt hij een geheel verzorgde culinaire reis door Azië.,https://www.debuik.nl/amsterdam/restaurant/chop-chop
"Op een afgelegen pleintje in Oost vind je de leukste vestiging van Five Ways. Met top koffie (ook filter), bijzonder ontbijt ,brunch of lunch met natuurwijn.",https://www.debuik.nl/amsterdam/restaurant/five-ways-coffee
"Op een zonnige hoek aan de Kostverloren Kade vind je Bar U.Y.T. De naam staat voor “Unwind Your Time”, en dat is precies wat je op het terras kunt doen.",https://www.debuik.nl/amsterdam/restaurant/bar-u-y-t
Op het Olympiaplein vind je Bar Hendrik. Hier geniet je van een lekker glas wijn of cava in combinatie kleine spannende gerechtjes om te delen.,https://www.debuik.nl/amsterdam/restaurant/bar-hendrik
"Op vakantie in eigen stad kan altijd bij deze iconische plek in het Vondelpark, uiteraard met het gezin. Je eet en drinkt er (Amsterdamse) klassiekers.",https://www.debuik.nl/amsterdam/restaurant/groot-melkhuis
"Op ’t Eiland ligt aan de Vecht, net buiten de ring. De menukaart bestaat uit voornamelijk Italiaanse lekkernijen en het terras heeft een gezellige sfeer.",https://www.debuik.nl/amsterdam/restaurant/op-t-eiland
Orchid House,https://www.debuik.nl/amsterdam/restaurant/orchid-house
Orchid House is een all-day restaurant met een Latijns-Amerikaanse touch in het Hotel V Oosterpark met een terras aan het park en een restaurant.,https://www.debuik.nl/amsterdam/restaurant/orchid-house
Oriental City,https://www.debuik.nl/amsterdam/restaurant/oriental-city
Oriole Garden Bistro,https://www.debuik.nl/amsterdam/restaurant/oriole
Oriole Garden Bistro geeft binnen en buiten het gevoel van eten in een mediterrane tuin. Hier eet je een seizoensmenu in een groene omgeving.,https://www.debuik.nl/amsterdam/restaurant/oriole
OsloBeers,https://www.debuik.nl/amsterdam/restaurant/oslobeers
"OsloBeers biedt een veelzijdige kaart met onder andere streetfood. Naast de lokale Amsterdamse bieren, kun je ook je eigen bier tappen.",https://www.debuik.nl/amsterdam/restaurant/oslobeers
Osteria Moderna,https://www.debuik.nl/amsterdam/restaurant/osteria-moderna
Otemba Gyoza,https://www.debuik.nl/amsterdam/restaurant/otemba-gyoza
Over-Amstel,https://www.debuik.nl/amsterdam/restaurant/over-amstel
"Overdag een Taigu café en in de avond starten de eigenaren Ikkoku izakaya, waar de chefs aan een grote stenen bar heerlijke Japanse visgerechten bereiden.",https://www.debuik.nl/amsterdam/restaurant/caf-taigu-ikkoku
PARK Café-Restaurant,https://www.debuik.nl/amsterdam/restaurant/park-caf-restaurant
Pacific,https://www.debuik.nl/amsterdam/restaurant/pacific
"Pacific heeft het allemaal: koffie, lunch, casual dining, een biertje in de zon of dansen tot in de vroege uurtjes.",https://www.debuik.nl/amsterdam/restaurant/pacific
Paik's Noodles,https://www.debuik.nl/amsterdam/restaurant/paiks-noodles
"Paik's Noodles op het Rokin serveert snelle noedelgerechten uit de Chinees-Koreaanse keuken, geïnspireerd door tv-chef en culinair expert Jong Won Paik.",https://www.debuik.nl/amsterdam/restaurant/paiks-noodles
Paon Bali,https://www.debuik.nl/amsterdam/restaurant/paon-bali
Papa Thang,https://www.debuik.nl/amsterdam/restaurant/papa-thang
Parakeet,https://www.debuik.nl/amsterdam/restaurant/parakeet-nacho-restaurant
Parallel,https://www.debuik.nl/amsterdam/restaurant/parallel
Paskamer is een unieke wijnbar met een open keuken. De wijnen zijn per glas te bestellen en ze hebben een tof menu met allemaal hapjes om te delen!,https://www.debuik.nl/amsterdam/restaurant/de-paskamer
Pelusa,https://www.debuik.nl/amsterdam/restaurant/pelusa
Pendergast Smokehouse,https://www.debuik.nl/amsterdam/restaurant/pendergast-smokehouse
Pension Homeland,https://www.debuik.nl/amsterdam/restaurant/pension-homeland
"Pension Homeland is een restaurant, bar, hotel en brouwerij net buiten de binnenstad. Je kunt hier naast lekker eten en drinken ook blijven slapen.",https://www.debuik.nl/amsterdam/restaurant/pension-homeland
PepeNero Cucina & Pizza,https://www.debuik.nl/amsterdam/restaurant/pepenero-cucina-pizza
Pepito Bar Tapas,https://www.debuik.nl/amsterdam/restaurant/pepito-bar-tapas
Peps,https://www.debuik.nl/amsterdam/restaurant/peps
Pesca,https://www.debuik.nl/amsterdam/restaurant/pesca
Peter Lute gaat terug naar zijn grote liefde voor groente op de bovenste etages van Valley aan de Zuid-As,https://www.debuik.nl/amsterdam/restaurant/Twentysix
Petit Caron,https://www.debuik.nl/amsterdam/restaurant/petit-caron
Petit Charcuterie,https://www.debuik.nl/amsterdam/restaurant/petit-charcuterie
"Petit Charcuterie is een kleine versie van Wijn & Foodbar Charcuteria waar je een ruim belegde sandwich, kaas, wijn of charcuterie plankje kan scoren.",https://www.debuik.nl/amsterdam/restaurant/petit-charcuterie
Petit Heemelrijck,https://www.debuik.nl/amsterdam/restaurant/petit-heemelrijck
"Petit Heemelrijck in Amsterdam biedt een nostalgische, huiselijke sfeer met oer-Hollandse gerechten zoals stamppot, kippetje en wentelteefjes.",https://www.debuik.nl/amsterdam/restaurant/petit-heemelrijck
Petit Péché,https://www.debuik.nl/amsterdam/restaurant/petit-peche
PetitbySam,https://www.debuik.nl/amsterdam/restaurant/petitbysam
Pho 91,https://www.debuik.nl/amsterdam/restaurant/pho-91
"Pho 91 is een Vietnamees in De Pijp, vlak naast de Albert Cuyp. In deze knusse en hippe zaak eet je een lekkere warme kom pho.",https://www.debuik.nl/amsterdam/restaurant/pho-91
Pianeta Terra,https://www.debuik.nl/amsterdam/restaurant/pianeta-terra
Pizza Project,https://www.debuik.nl/amsterdam/restaurant/the-pizza-project
Plant Based Sushi,https://www.debuik.nl/amsterdam/restaurant/plant-based-sushi
"Plantaardig eten aan het water, soms een beetje experimenteel dat is Mediametic eten.",https://www.debuik.nl/amsterdam/restaurant/mediamatic-eten
Pllek,https://www.debuik.nl/amsterdam/restaurant/pllek
Polly Goudvisch,https://www.debuik.nl/amsterdam/restaurant/polly-goudvisch
Pompstation,https://www.debuik.nl/amsterdam/restaurant/pompstation
Poppies,https://www.debuik.nl/amsterdam/restaurant/poppies
Poppies is een modern hotel met een eigen all day café dat een kleine kaart die goed in de buurt past.,https://www.debuik.nl/amsterdam/restaurant/poppies
Portugália Tasca,https://www.debuik.nl/amsterdam/restaurant/portugalia-tasca
"Proef Florentijnse zuurdesem schiacciata met porchetta, gorgonzola of vega Melanzane bij drie populaire locaties in Amsterdam: centrum, De Pijp en Zuidas.",https://www.debuik.nl/amsterdam/restaurant/zero-zero
"Proef authentieke Koreaanse gerechten bij Gyojasang in Amsterdam: huisgemaakte gyoza’s, comfort food en gastvrijheid in een knusse setting.",https://www.debuik.nl/amsterdam/restaurant/gyojasang
Proeflokaal A. van Wees,https://www.debuik.nl/amsterdam/restaurant/proeflokaal-a-van-wees
Proeflokaal Arendsnest,https://www.debuik.nl/amsterdam/restaurant/proeflokaal-arendsnest
R21,https://www.debuik.nl/amsterdam/restaurant/r21
"REM bar, restaurant en rooftop",https://www.debuik.nl/amsterdam/restaurant/rem-bar-restaurant-en-rooftop
RIJKS,https://www.debuik.nl/amsterdam/restaurant/rijks
"RIJKS is een restaurant gesitueerd in het Rijksmuseum. Kwaliteit, authenticiteit en uniciteit staan hier centraal.",https://www.debuik.nl/amsterdam/restaurant/rijks
ROUX is een relaxte luxe bistro van drie ex-medewerkers van Pesca met à-la-carte gerechten en een zeer uitgebreide wijnkaart.,https://www.debuik.nl/amsterdam/restaurant/restaurant-roux
RainBowls,https://www.debuik.nl/amsterdam/restaurant/rain-bowls
Ram's Roti,https://www.debuik.nl/amsterdam/restaurant/ram-s-roti
Ram's Roti is al sinds 1985 een begrip in Amsterdam-West en als je hier eenmaal bent geweest weet je waarom. Je eet hier de lekkerste roti's van de wijk.,https://www.debuik.nl/amsterdam/restaurant/ram-s-roti
Randy Karman is terug in Amsterdam en kookt nu een seizoensgebonden menu in de Garden Room bij het Andaz Amsterdam aan de Prinsengracht.,https://www.debuik.nl/amsterdam/restaurant/renvy
Rasoi,https://www.debuik.nl/amsterdam/restaurant/rasoi
Recover,https://www.debuik.nl/amsterdam/restaurant/recover
Remise 47 is een 'urban bistro' in Amsterdam-West. Het bevindt zich in een oude tramremise en heeft een kaart met Frans-Internationale gerechten.,https://www.debuik.nl/amsterdam/restaurant/remise47
Remise47,https://www.debuik.nl/amsterdam/restaurant/remise47
Renato's Osteria,https://www.debuik.nl/amsterdam/restaurant/renato-s-osteria
Renato's Pizzeria,https://www.debuik.nl/amsterdam/restaurant/renato-s-pizzeria
Renvy,https://www.debuik.nl/amsterdam/restaurant/renvy
Republiek Bloemendaal,https://www.debuik.nl/amsterdam/restaurant/republiek-bloemendaal
Republiek Bloemendaal is een schitterend strandpaviljoen aan het strand van Noord-Holland. Het is het hele jaar rond open en heeft een groot terras.,https://www.debuik.nl/amsterdam/restaurant/republiek-bloemendaal
Restaurant & Bar Bisous,https://www.debuik.nl/amsterdam/restaurant/restaurant-bar-bisous
Restaurant Ambassade,https://www.debuik.nl/amsterdam/restaurant/brasserie-ambassade
"Restaurant Ambassade ligt aan de Herengracht. Hier kun je genieten van een chefs-menu, á la carte of een drankje drinken aan de Library Bar.",https://www.debuik.nl/amsterdam/restaurant/brasserie-ambassade
Restaurant Bacalar in Amsterdam-Noord is dé plek voor Mexicaans eten. Deze tagueria serveert Mexicaans eten zoals je het nog niet kent.,https://www.debuik.nl/amsterdam/restaurant/bacalar
Restaurant Bridges,https://www.debuik.nl/amsterdam/restaurant/bridges
Restaurant De Kas,https://www.debuik.nl/amsterdam/restaurant/restaurant-de-kas
"Restaurant Dignita is een uitstekende uitvalsbasis voor iedereen die zich in de buurt van het Vondelpark bevindt. Ontbijt, brunch en lunch en ook nog eens gezond.",https://www.debuik.nl/amsterdam/restaurant/dignita
Restaurant Domenica,https://www.debuik.nl/amsterdam/restaurant/restaurant-domenica
Restaurant Eeuwen,https://www.debuik.nl/amsterdam/restaurant/restaurant-eeuwen
Restaurant Eeuwen in het Rosewood waar chef David Ordonez puur kookt met aandacht voor het hele product en traditionele bereidingstechnieken waarbij alleen de smaak telt.,https://www.debuik.nl/amsterdam/restaurant/restaurant-eeuwen
Restaurant Entrepot,https://www.debuik.nl/amsterdam/restaurant/restaurant-entrepot
Restaurant Europa,https://www.debuik.nl/amsterdam/restaurant/europa
Restaurant Freud,https://www.debuik.nl/amsterdam/restaurant/restaurant-freud
Restaurant Gebr. Hartering,https://www.debuik.nl/amsterdam/restaurant/restaurant-gebr-hartering
Restaurant Hendrik,https://www.debuik.nl/amsterdam/restaurant/restaurant-hendrik
Restaurant Incanto,https://www.debuik.nl/amsterdam/restaurant/restaurant-incanto
Restaurant JA,https://www.debuik.nl/amsterdam/restaurant/restaurant-ja
"Restaurant Jansz bevindt zich in het Pullitzer Hotel in De 9 Straatjes. Je eet hier (laat) ontbijt, lunch en diner met uitzicht op de Amsterdamse grachtenpanden.",https://www.debuik.nl/amsterdam/restaurant/jansz
Restaurant Kenneh,https://www.debuik.nl/amsterdam/restaurant/restaurant-kenneh
Restaurant LIER,https://www.debuik.nl/amsterdam/restaurant/restaurant-lier
Restaurant Nour,https://www.debuik.nl/amsterdam/restaurant/restaurant-nour
Restaurant Omber,https://www.debuik.nl/amsterdam/restaurant/restaurant-omber
Restaurant Roux,https://www.debuik.nl/amsterdam/restaurant/restaurant-roux
Restaurant Ryo,https://www.debuik.nl/amsterdam/restaurant/restaurant-ryo
"Restaurant Selva op de 24e verdieping van nhow Amsterdam RAI is een wilde mix van de Mexicaanse en Peruaanse keuken, met uitzicht over stad en Zuidas.",https://www.debuik.nl/amsterdam/restaurant/selva
Restaurant Toet,https://www.debuik.nl/amsterdam/restaurant/restaurant-toet
Restaurant Vermeer,https://www.debuik.nl/amsterdam/restaurant/restaurant-vermeer
Restaurant Visque,https://www.debuik.nl/amsterdam/restaurant/restaurant-visque
Restaurant Wils,https://www.debuik.nl/amsterdam/restaurant/restaurant-wils
Restaurant met open vuur op een oude scheepshelling in Noord inclusief een terras met waanzinnig uitzicht op Amsterdam Centraal.,https://www.debuik.nl/amsterdam/restaurant/helling-7
Restaurante Dona,https://www.debuik.nl/amsterdam/restaurant/restaurante-dona
Restobar No Nonsense,https://www.debuik.nl/amsterdam/restaurant/restobar-no-nonsense
"Restobar No Nonsense is de eigen zaak van drie vrienden met een leuk terras aan de Geldersekade. De kaart heeft veel comfortfood, de sfeer is lekker.",https://www.debuik.nl/amsterdam/restaurant/restobar-no-nonsense
"Restobar Rouhi, gelegen in het historische pand van House of Rituals op het Spui, is dé plek waar je tot rust kan komen voor een lunch, borrel of diner.",https://www.debuik.nl/amsterdam/restaurant/rouhi
Restobars worden steeds specifieker in de Pijp opent binnenkort Luz; een Restobar in een Mediterrane stijl.,https://www.debuik.nl/amsterdam/restaurant/luz-restobar
Rijsel,https://www.debuik.nl/amsterdam/restaurant/rijsel
"Rijsel in Amsterdam-Oost is een klassieke bistro met een passie voor de Franse keuken, maar met een knipoog naar Vlaanderen.",https://www.debuik.nl/amsterdam/restaurant/rijsel
Riot Restobar,https://www.debuik.nl/amsterdam/restaurant/riot-restobar
Roberto's,https://www.debuik.nl/amsterdam/restaurant/roberto-s
Roef,https://www.debuik.nl/amsterdam/restaurant/roef
Roest,https://www.debuik.nl/amsterdam/restaurant/roest
"Roest in Amsterdam is terug! In het vertrouwde industriële pand met een groot waterterras, heerlijke sfeer en spannende gerechten van chef Jef.",https://www.debuik.nl/amsterdam/restaurant/roest
Ron Blaauw serveert bij Oriental zijn moderne visie op de Chinees-Indonesische keuken.,https://www.debuik.nl/amsterdam/restaurant/buffet-van-odette
Ron Gastrobar,https://www.debuik.nl/amsterdam/restaurant/ron-gastrobar
Ron Gastrobar Indonesia - Laren,https://www.debuik.nl/amsterdam/restaurant/ron-gastrobar-indonesia
Ron Gastrobar Indonesia - Ouderkerk,https://www.debuik.nl/amsterdam/restaurant/ron-gastrobar-indonesia-amstelveen
Ron Gastrobar Indonesia Bloemendaal,https://www.debuik.nl/amsterdam/restaurant/bar-bistro-bij-de-c
Ron Gastrobar Indonesia Laren: authentieke Indonesische rijsttafels & saté van chef Agus Hermawan in tropische sfeer met terras en Toko voor thuis.,https://www.debuik.nl/amsterdam/restaurant/ron-gastrobar-indonesia
Ron Gastrobar bij de C,https://www.debuik.nl/amsterdam/restaurant/ron-gastrobar-bij-de-c
"Ron Gastrobar bij de C heeft een gedaantewisseling gehad en is nu Ron Gastrobar Indonesia, waar je een rijsttafel eet tussen de duinen.",https://www.debuik.nl/amsterdam/restaurant/bar-bistro-bij-de-c
Rosalia's Menagerie,https://www.debuik.nl/amsterdam/restaurant/rosalia-s-menagerie
Rosalia's Menagerie is een cocktailbar op De Wallen. In deze knusse en stijlvolle bar drink je cocktails van awardwinnende bartenders.,https://www.debuik.nl/amsterdam/restaurant/rosalia-s-menagerie
Rosario Cocina Mexicana,https://www.debuik.nl/amsterdam/restaurant/rosario
Rosti,https://www.debuik.nl/amsterdam/restaurant/rosti
Rosèl,https://www.debuik.nl/amsterdam/restaurant/rosel
Rouhi,https://www.debuik.nl/amsterdam/restaurant/rouhi
Rufus,https://www.debuik.nl/amsterdam/restaurant/rufus
Rufus in Oud-Zuid is opgericht door een Italiaans-Albanees stel dat hun avontuur in Amsterdam voortzet met een restaurant dat hun afkomst samenbrengt.,https://www.debuik.nl/amsterdam/restaurant/rufus
Rum Baba,https://www.debuik.nl/amsterdam/restaurant/rum-baba
Rum Baba in Oost is een oase voor fijne koffie (ook filter) en cake. Eigenaar Jeroen levert inmiddels in en buiten Amsterdam zijn koffie.,https://www.debuik.nl/amsterdam/restaurant/rum-baba
SAAM,https://www.debuik.nl/amsterdam/restaurant/saam
Sababa,https://www.debuik.nl/amsterdam/restaurant/sababa
Sagardi,https://www.debuik.nl/amsterdam/restaurant/sagardi
Saint-Jean,https://www.debuik.nl/amsterdam/restaurant/saint-jean
Salmuera,https://www.debuik.nl/amsterdam/restaurant/sal-muera
Salut,https://www.debuik.nl/amsterdam/restaurant/salut
"Salut is het tweede restaurant van de makers van Bisous, met een zonnig geel interieur en een creatieve Noord-Franse/Vlaamse keuken met Zeeuwse invloeden.",https://www.debuik.nl/amsterdam/restaurant/salut
Salvo Bakehouse,https://www.debuik.nl/amsterdam/restaurant/salvo-bakehouse
Salvo Bakehouse werd bekend van z'n maritozzi en nu hebben ze sinds 2023 een een eigen winkel met fijne koffie en veel meer lekkers.,https://www.debuik.nl/amsterdam/restaurant/salvo-bakehouse
Samuel's,https://www.debuik.nl/amsterdam/restaurant/samuel-s
Samuel’s is een echte buurtzaak waar je van de vroege ochtend tot de late avond terecht kunt voor een hapje of een drankje.,https://www.debuik.nl/amsterdam/restaurant/samuel-s
"Sam’s Koffie in Amsterdam-West en -Noord serveert specialty coffee, lunch, smoothies en zoetigheden in een gezellige en gastvrije buurtcafésetting.",https://www.debuik.nl/amsterdam/restaurant/sams-koffie
Sam’s koffie,https://www.debuik.nl/amsterdam/restaurant/sams-koffie
"Sandberg in het Stedelijk Museum in Amsterdam biedt ontbijt, lunch en een spannend à-la-carte diner, met topwijnen en een fijn terras in hartje Zuid.",https://www.debuik.nl/amsterdam/restaurant/caf-restaurant-sandberg
Sapporo Ramen Sora,https://www.debuik.nl/amsterdam/restaurant/sapporo-ramen-sora
Saravana Bhavan,https://www.debuik.nl/amsterdam/restaurant/saravana-bhavan
Saravana Bhavan is dé plek voor Indiaas eten in Amsterdam. Deze internationale keten is te vinden op de Stadhouderskade.,https://www.debuik.nl/amsterdam/restaurant/saravana-bhavan
Satay Club,https://www.debuik.nl/amsterdam/restaurant/satay-club
"Satay Club serveert Javaanse saté van de grill op Haarlemmerstraat 47. Probeer de lams saté met sambal pedas. Authentiek streetfood, elke dag open!",https://www.debuik.nl/amsterdam/restaurant/satay-club
Satchmo,https://www.debuik.nl/amsterdam/restaurant/satchmo
Sazanka,https://www.debuik.nl/amsterdam/restaurant/sazanka
Scandinavian Embassy,https://www.debuik.nl/amsterdam/restaurant/scandinavian-embassy
Scandinavian Embassy Bakery & Shop,https://www.debuik.nl/amsterdam/restaurant/scandinavian-embassy-bakery-shop
Scheepskameel,https://www.debuik.nl/amsterdam/restaurant/scheepskameel
Schout-bij-Nacht,https://www.debuik.nl/amsterdam/restaurant/schout-bij-nacht
"Schout-bij-Nacht vind je in de Jordaan. Ze serveren hapjes aan de bar en een seizoensgebonden menu, gepaard met bruisende cocktails en mooie wijnen.",https://www.debuik.nl/amsterdam/restaurant/schout-bij-nacht
"Schuif aan bij The Good Companion voor gefrituurde vis in relaxte sferen, naar het idee van het comfort seafood concept. In deze visbar kun je genieten van dagelijks wisselende visgerechten, mosselen en oesters.",https://www.debuik.nl/amsterdam/restaurant/the-good-companion
Schuin tegenover de RAI vind je de bakery versie van Scandinavian Embassy met veel patisserie en natuurlijk nog steeds top koffie.,https://www.debuik.nl/amsterdam/restaurant/scandinavian-embassy-bakery-shop
Schuurmanoomkensgrassotti,https://www.debuik.nl/amsterdam/restaurant/schuurmanoomkensgrassotti
Sea Palace,https://www.debuik.nl/amsterdam/restaurant/sea-palace
Sea Palace: iconisch drijvend restaurant in Amsterdam voor authentieke Kantonese specialiteiten en heerlijke dim sum.,https://www.debuik.nl/amsterdam/restaurant/sea-palace
Sebastian,https://www.debuik.nl/amsterdam/restaurant/sebastian
Selva,https://www.debuik.nl/amsterdam/restaurant/selva
Senses,https://www.debuik.nl/amsterdam/restaurant/senses
September,https://www.debuik.nl/amsterdam/restaurant/september
"September hanteert een seizoensgebonden kaart en met werkt lokale ondernemers, waardoor hun menu wekelijks verandert.",https://www.debuik.nl/amsterdam/restaurant/september
Shake City,https://www.debuik.nl/amsterdam/restaurant/shake-city
Showw,https://www.debuik.nl/amsterdam/restaurant/showw
Showw is het nieuwe fine dining restaurant van Lendl Mijnhijmer en Dorus Floris tegenover de Rai.,https://www.debuik.nl/amsterdam/restaurant/showw
Sichuan Restaurant Amsterdam,https://www.debuik.nl/amsterdam/restaurant/sichuan-restaurant-amsterdam
Sichuan Territory,https://www.debuik.nl/amsterdam/restaurant/sichuan-territory
Sichuan Territory is een Chinees restaurant en in de weekendavonden een club bij Garage Noord waar je Chinese wok en bbq-gerechten eet en cocktails drinkt.,https://www.debuik.nl/amsterdam/restaurant/sichuan-territory
Silk,https://www.debuik.nl/amsterdam/restaurant/silk
"Simon Witmaar (ex Coulisse*) heeft Café Vita Lente geopend voor koffie, lunch, vermout, wijn en snacks met een Spaans sausje.",https://www.debuik.nl/amsterdam/restaurant/cafe-vita-lente
Sinck,https://www.debuik.nl/amsterdam/restaurant/sinck
Sinds de eeuwwisseling is Vis aan de Schelde een begrip voor iedereen die van vis houdt. Tegenover de Rai is het ook een prima plek voor een (zakelijke) eetafspraak op niveau.,https://www.debuik.nl/amsterdam/restaurant/vis-aan-de-schelde
Sinds eind jaren 70 is Oceania de plek voor de echte Kantonese keuken in Amsterdam met vis in de hoofdrol.,https://www.debuik.nl/amsterdam/restaurant/oceania
Sinne,https://www.debuik.nl/amsterdam/restaurant/sinne
Sins of Sal,https://www.debuik.nl/amsterdam/restaurant/sins-of-sal
Sir Pita,https://www.debuik.nl/amsterdam/restaurant/sir-hummus
Sizz,https://www.debuik.nl/amsterdam/restaurant/sizz
Sizz gaat met een geheel Indiaas keukenteam terug naar de de traditionele Indiase keuken. Wij zijn fan van de papadums en naan’s en de licht pittige kip tikka masala met raisa.,https://www.debuik.nl/amsterdam/restaurant/sizz
Sjefietshe,https://www.debuik.nl/amsterdam/restaurant/sjefietshe
Skatecafe,https://www.debuik.nl/amsterdam/restaurant/skatecafe
Skatecafé,https://www.debuik.nl/amsterdam/restaurant/skatecaf
"Skaten in een restaurant, het kan bij Skatecafe. De donderdagen zijn voor de gastkoks. De vrijdagen en zaterdagen gaan de voetjes van de vloer.",https://www.debuik.nl/amsterdam/restaurant/skatecafe
Snackbar De Buurman,https://www.debuik.nl/amsterdam/restaurant/snackbar-de-buurman
"Snackbar nieuwe stijl met plantbased snacks maar ook nog klassiekers als lamsköfte, shawarma en smashburger. Absolute aanrader: de falafel van tuinbonen.",https://www.debuik.nl/amsterdam/restaurant/snackbar-de-buurman
Soju Bar,https://www.debuik.nl/amsterdam/restaurant/soju-bar
"Soms heb je er gewoon trek in, een lekker frietje. Kies op die momenten dan voor de haute friture van Frietboutique waar je altijd met een glimlach ontvangen wordt.",https://www.debuik.nl/amsterdam/restaurant/frietboutique-amsterdam
Soms moet je jezelf even goed opladen met een flinke kom ramen. Daarvoor zit je bij Fou Fow Ramen op de Elandsgracht aan het goede adres.,https://www.debuik.nl/amsterdam/restaurant/fou-fow-ramen
Sonora,https://www.debuik.nl/amsterdam/restaurant/sonora
Spaghetteria,https://www.debuik.nl/amsterdam/restaurant/spaghetteria
Spectrum,https://www.debuik.nl/amsterdam/restaurant/spectrum
Spirit Amsterdam,https://www.debuik.nl/amsterdam/restaurant/spirit
Spring Cafe Brasserie is de brasserie van het Pillows Hotel Maurits aan het Oosterpark met een Frans Italiaanse keuken en een groen terras.,https://www.debuik.nl/amsterdam/restaurant/spring-cafe-brasserie
Spring Café Brasserie,https://www.debuik.nl/amsterdam/restaurant/spring-cafe-brasserie
Stacks Deli,https://www.debuik.nl/amsterdam/restaurant/stacks-deli
"Stacks Deli biedt vers gebakken brood, sandwiches, take & bake mixen, gebak en catering met lokaal geproduceerde, biologische ingrediënten.",https://www.debuik.nl/amsterdam/restaurant/stacks-deli
Stacks Diner,https://www.debuik.nl/amsterdam/restaurant/stacks-diner
Stadscafé Van Mechelen,https://www.debuik.nl/amsterdam/restaurant/stadscaf-van-mechelen
"Stap in de lift bij het W Hotel het ga direct door naar de rooftop. De W Lounge is een cocktail bar, lounge, en plek wat tot in de nachtelijke uurtjes gezellig is.",https://www.debuik.nl/amsterdam/restaurant/w-lounge-w-hotel
Star BBQ,https://www.debuik.nl/amsterdam/restaurant/star-bbq
Staring at Jacob,https://www.debuik.nl/amsterdam/restaurant/staring-at-jaboc
"Stevig eten op elk moment van de dag. Dat kan bij Cannibale Royale. Van lunch, tot diner tot laat in de nacht eet je hier burgers, spareribs en friet.",https://www.debuik.nl/amsterdam/restaurant/cannibale-royale
Sukhothai Thanee,https://www.debuik.nl/amsterdam/restaurant/sukhothai-thanee
Sukhothai Thanee heeft een van de beste curry's van Amsterdam. Ze maken ook heerlijke noedels en bijzondere Thaise gerechten om te delen met je tafelgenoten.,https://www.debuik.nl/amsterdam/restaurant/sukhothai-thanee
Super Lyan,https://www.debuik.nl/amsterdam/restaurant/super-lyan
Supper Restaurant & Club,https://www.debuik.nl/amsterdam/restaurant/supper-restaurant-club
Supper Restaurant & Club aan de Singel is de plek voor een avond uit vol entertainment en verrassingen tijdens een dinner show.,https://www.debuik.nl/amsterdam/restaurant/supper-restaurant-club
Surinaamse broodjes bij de counter van Tjin zijn klassiekers. Internationale boodschappen zijn aanwezig.,https://www.debuik.nl/amsterdam/restaurant/tjin-s
Sushi Noord,https://www.debuik.nl/amsterdam/restaurant/sushi-noord
Sushi zonder vis saai? Dan heb je de sushi van Plant Based Sushi nog niet geproefd.,https://www.debuik.nl/amsterdam/restaurant/plant-based-sushi
TEDS Jordaan,https://www.debuik.nl/amsterdam/restaurant/teds-jordaan
TEDS Oud-West,https://www.debuik.nl/amsterdam/restaurant/teds-oud-west
TOZI,https://www.debuik.nl/amsterdam/restaurant/tozi
Taiko,https://www.debuik.nl/amsterdam/restaurant/taiko
Tannay,https://www.debuik.nl/amsterdam/restaurant/tannay
Tap Zuid,https://www.debuik.nl/amsterdam/restaurant/tap-zuid
Tent 6,https://www.debuik.nl/amsterdam/restaurant/tent-6
Ter Marsch & Co,https://www.debuik.nl/amsterdam/restaurant/ter-marsch-co-amsterdam
TerraZen Centre,https://www.debuik.nl/amsterdam/restaurant/terrazen-centre
TerraZen: een 100% vegan familie-restaurant vol heerlijke gerechten en eerlijke ontmoetingen. Een plek voor lunch en diner waar je zen én met volle buik voldaan naar buiten rolt.,https://www.debuik.nl/amsterdam/restaurant/terrazen-centre
Terrasmus,https://www.debuik.nl/amsterdam/restaurant/terrasmus
Testamatta,https://www.debuik.nl/amsterdam/restaurant/testamatta
Tewatashi,https://www.debuik.nl/amsterdam/restaurant/tewatashi
"Tewatashi biedt verfijnde Japanse omakase-ervaringen in een serene, gastvrije en minimalistische setting.",https://www.debuik.nl/amsterdam/restaurant/tewatashi
Thaicoon,https://www.debuik.nl/amsterdam/restaurant/thaicoon
The Beef Chief,https://www.debuik.nl/amsterdam/restaurant/the-beef-chief
"The Beef Chief bij Oedipus serveert de beste burgers voor naast je biertje. Ga er sowieso langs om te kijken hoe ze de burgers maken, want dat is een spektakel op zich.",https://www.debuik.nl/amsterdam/restaurant/the-beef-chief
The Black Dog,https://www.debuik.nl/amsterdam/restaurant/the-black-dog
The Bowery,https://www.debuik.nl/amsterdam/restaurant/the-bowery
The Butcher,https://www.debuik.nl/amsterdam/restaurant/the-butcher
"The Butcher op de Albert Cuyp verkoopt goede, doordachte burgers met verschillende soorten vlees om uit te kiezen.",https://www.debuik.nl/amsterdam/restaurant/the-butcher
The Cottage,https://www.debuik.nl/amsterdam/restaurant/the-cottage
The Good Companion,https://www.debuik.nl/amsterdam/restaurant/the-good-companion
The Harbour Club,https://www.debuik.nl/amsterdam/restaurant/the-harbour-club
The Harbour Club is een prachtig restaurant met veel aanzien waar je hip vis kan eten aan het water.,https://www.debuik.nl/amsterdam/restaurant/the-harbour-club
The Lebanese Sajeria,https://www.debuik.nl/amsterdam/restaurant/the-lebanese-sajeria
The Libanese Sajeria Utrechtsestraat,https://www.debuik.nl/amsterdam/restaurant/the-libanese-sajeria-utrechtsestraat
"The Living Room, by Bodon",https://www.debuik.nl/amsterdam/restaurant/bodon
The Lobby Fizeau,https://www.debuik.nl/amsterdam/restaurant/the-lobby-fizeau
"The Lobby Fizeau van Hotel V is uitgegroeid tot één van fijnste restaurants en wijn/cocktailbars van Oost. Daar aan de Fizeaustraat, is naast voldoende parkeerplaatsen ook alle ruimte om te genieten van de wijnkaart en de verfijnde keuken.",https://www.debuik.nl/amsterdam/restaurant/the-lobby-fizeau
The Lobby Nesplein,https://www.debuik.nl/amsterdam/restaurant/the-lobby-nesplein
The Marlin Bar,https://www.debuik.nl/amsterdam/restaurant/the-marlin-bar
"The Marlin Bar in Amsterdam: chique visrestobar in Oud-Zuid met oesters, zwaardvis en zonnig terras aan de Van Baerlestraat.",https://www.debuik.nl/amsterdam/restaurant/the-marlin-bar
The Meets Eatery - Oost,https://www.debuik.nl/amsterdam/restaurant/the-meets-eatery
The Meets Eatery is een gezond en gezellig restaurant in Oost. Het menu is 100% plantaardig. Naast een plek voor diner in het restaurant is het ook mogelijk om te borrelen in de wijnbar.,https://www.debuik.nl/amsterdam/restaurant/the-meets-eatery
The Pizza Vagabond,https://www.debuik.nl/amsterdam/restaurant/the-pizza-vagabond
The SIREN,https://www.debuik.nl/amsterdam/restaurant/the-siren
"The SIREN is een mediterraans restaurant bij Rokin met een bijzonder interieur waardoor je alleen daardoor al een onvergetelijke, unieke ervaring meemaakt.",https://www.debuik.nl/amsterdam/restaurant/the-siren
The Sandwich Bar,https://www.debuik.nl/amsterdam/restaurant/the-sandwich-bar
The Seafood Bar,https://www.debuik.nl/amsterdam/restaurant/the-seafood-bar
The Traveller,https://www.debuik.nl/amsterdam/restaurant/the-traveller
The Villy Rhapsody,https://www.debuik.nl/amsterdam/restaurant/the-villy-rhapsody
The White Room,https://www.debuik.nl/amsterdam/restaurant/the-white-room
The White Room serveert de pure keuken van de Nederlandse topchef Jacob Jan Boerma in een sierlijke witte 19e eeuwse setting.,https://www.debuik.nl/amsterdam/restaurant/the-white-room
Thomas Demuth heeft de Gouden Reael overgenomen en herdoopt in Tannay. De keuken is fine dining op een moderne Franse manier.,https://www.debuik.nl/amsterdam/restaurant/tannay
"Thulls heeft eigengemaakte zuurwaren en de lekkerste broodjes voor je, geserveerd met een glaasje kefir.",https://www.debuik.nl/amsterdam/restaurant/thull-s
Tijdelijk gesloten,https://www.debuik.nl/amsterdam/restaurant/ons-huis
Tijdelijk gesloten,https://www.debuik.nl/amsterdam/restaurant/noorderlicht
Tijdelijk gesloten,https://www.debuik.nl/amsterdam/restaurant/hopp-hotel-casa
Tjin's,https://www.debuik.nl/amsterdam/restaurant/tjin-s
Toki,https://www.debuik.nl/amsterdam/restaurant/bar-toki
Toscanini Deli,https://www.debuik.nl/amsterdam/restaurant/toscanini-deli
Toscanini is een traditioneel Italiaans restaurant in het centrum. Met lokale producten maken zij gerechten die de Italiaanse keuken respecteren.,https://www.debuik.nl/amsterdam/restaurant/cafe-toscanini
"Traditionele Georgisch eet je bij Batoni Khinkali. Khinkali zijn de zachte deegkussentjes, of ook wel dumplings, die ze zelf maken en vullen met vlees, kaas en champignons.",https://www.debuik.nl/amsterdam/restaurant/batoni-khinkali
Traditionele Japanse sushi in een ongewone setting. Genki heeft zowel een all-you-can-eat menu als een a-la-carte menu en bij mooi weer eet je op het terras in de achtertuin.,https://www.debuik.nl/amsterdam/restaurant/genki
Trattoria Graziella,https://www.debuik.nl/amsterdam/restaurant/trattoria-graziella
Trattoria Graziella in Amsterdam serveert klassieke Italiaanse gerechten met een moderne draai in een stijlvolle setting.,https://www.debuik.nl/amsterdam/restaurant/trattoria-graziella
Troef,https://www.debuik.nl/amsterdam/restaurant/troef
Troef is de populaire en super gastvrije restobar met chef Raymond Plat. Hier is het altijd gezellig en is er evenveel aandacht voor de spijzen als wijnen.,https://www.debuik.nl/amsterdam/restaurant/troef
Tsunarié,https://www.debuik.nl/amsterdam/restaurant/tsunarie
Tula Cantina,https://www.debuik.nl/amsterdam/restaurant/tula-cantina
Twee sterren kookmagie van chefkok Sidney Schutte die zijn sporen verdiende bij Amber** (Hongkong) en De Librije in Zwolle *** . Samen met sommelier Cas Kratz en maitre Ralph van Hattem zorgt de chef voor gastronomisch spektakel in een tijdloos moderne setting in het Waldorf Astoria Hotel aan de gracht.,https://www.debuik.nl/amsterdam/restaurant/spectrum
"Tweede hang-out voor Aussie ontbijt, brunch en diner met natuurlijke wijnen in de Jordaan.",https://www.debuik.nl/amsterdam/restaurant/box-sociaal-jordaan
Twentysix,https://www.debuik.nl/amsterdam/restaurant/Twentysix
Two Chefs Foodbar heeft zich omgevormd tot een restaurant met een uitgebreide kaart en zelfs bier pairing.,https://www.debuik.nl/amsterdam/restaurant/two-chefs-bar
Two Chefs Restaurant,https://www.debuik.nl/amsterdam/restaurant/two-chefs-bar
"Uitgebreide keuze aan gerecht en shared dining zoals het bedoeld is. Je vind het bij restaurant Lalibela, het oudste Ethiopische restaurant van Nederland.",https://www.debuik.nl/amsterdam/restaurant/lalibela
Umami by Han,https://www.debuik.nl/amsterdam/restaurant/umami-by-han
Umami by Han in Amsterdam serveert Aziatische fusion en gestoomde zeevruchten in een stijlvolle setting. Geniet van shared dining en pure smaken!,https://www.debuik.nl/amsterdam/restaurant/umami-by-han
Upstairs Pannekoekenhuis,https://www.debuik.nl/amsterdam/restaurant/upstairs-pannekoekenhuis
Utage Sake Bar,https://www.debuik.nl/amsterdam/restaurant/utage-sake-bar
V&A Bar Bistro,https://www.debuik.nl/amsterdam/restaurant/venus-adonis
VRR,https://www.debuik.nl/amsterdam/restaurant/vrr
"Van Mechelen is een gezellig Bourgondisch stadscafé waar je gedurende de dag kunt genieten van ontbijt, speciaal biertjes en hamburgers.",https://www.debuik.nl/amsterdam/restaurant/stadscaf-van-mechelen
Van Oost is het finedining restaurant met een Internationaal met de seizoenen wisselend menu met chef Floris van Straalen in de keuken waarbij sommelier Saskia Smeenk zorgt voor spannende passende wijnen of sappen.,https://www.debuik.nl/amsterdam/restaurant/restaurant-van-oost
Van alleen al de foto's van PetitBySam kregen wij ontzettende honger. Ga dus zeker even langs de Vijzelstraat voor een goede bak koffie en creatieve baksels,https://www.debuik.nl/amsterdam/restaurant/petitbysam
"Van ontbijt tot lunch, borrel en diner met barbites ook als starter en comfortfood hoofdgerechten. Prima plek om elkaar te ontmoeten, even te werken of voor een snelle vergadering.",https://www.debuik.nl/amsterdam/restaurant/house-of-watt
"Van pancakes en avocado toast als ontbijt tot melanzane, een smashburger of steak tartare als diner: bij Leo Goudvisch ben je bij elke gelegenheid welkom.",https://www.debuik.nl/amsterdam/restaurant/leo-goudvisch
VanOost Restaurant,https://www.debuik.nl/amsterdam/restaurant/restaurant-van-oost
Vegan Junk Food Bar,https://www.debuik.nl/amsterdam/restaurant/vegan-junk-food-bar
Veganees,https://www.debuik.nl/amsterdam/restaurant/veganees
Veneur,https://www.debuik.nl/amsterdam/restaurant/veneur
"Veneur in Amsterdam: Franse keuken met moderne twist, seizoensgericht, gastvrij en verfijnd. Gevestigd in het voormalige pand van La Storia.",https://www.debuik.nl/amsterdam/restaurant/veneur
Venster33,https://www.debuik.nl/amsterdam/restaurant/venster33
"Venster33 is de brutale maar vrolijke zaak in de Amsterdamse Pijp. Iedereen is dol op de buurt en zo ook de eigenaren van deze vlotte zaak. met een groot menu, ontbijt tot late night.",https://www.debuik.nl/amsterdam/restaurant/venster33
Ventuno Skylounge,https://www.debuik.nl/amsterdam/restaurant/ventuno-skylounge
"Ventuno is een skylounge van allure, met heel veel glitter en glamour én mysterieus tintje op de 21e etage met een fantastisch uitzicht over Amsterdam.",https://www.debuik.nl/amsterdam/restaurant/ventuno-skylounge
"Vermeer heeft een tweede zaak geopend, waarbij de wijncollectie de hoofdrol speelt: Vermeer's Wijnkamer, aan de Zeedijk.",https://www.debuik.nl/amsterdam/restaurant/vermeers-wijnkamer
Vermeers Wijnkamer,https://www.debuik.nl/amsterdam/restaurant/vermeers-wijnkamer
"Verwacht bij MOYŌ geen Japanse keuken, maar hier staan wel de luxeproducten centraal. Chef Guillaume de Beer kookt hier zijn favorieten.",https://www.debuik.nl/amsterdam/restaurant/moyo
Vessel,https://www.debuik.nl/amsterdam/restaurant/vessel
Vessel bevindt zich in het hotel Boat & Co in de Houthavens met een schitterend (terras met) uitzicht over 't IJ. Er is een brasserie en een restaurant.,https://www.debuik.nl/amsterdam/restaurant/vessel
Vicio Il Mastro Pastaio,https://www.debuik.nl/amsterdam/restaurant/vicio-il-mastro-pastaio
Vinkeles,https://www.debuik.nl/amsterdam/restaurant/vinkeles
Vis aan de Schelde,https://www.debuik.nl/amsterdam/restaurant/vis-aan-de-schelde
Vleminckx,https://www.debuik.nl/amsterdam/restaurant/vleminckx
"Vleminckx heeft de lekkerste patat van het centrum, laat je niet afschrikken door de toeristen, hier moet je eten. Zeker als je van sauzen houdt.",https://www.debuik.nl/amsterdam/restaurant/vleminckx
Volare,https://www.debuik.nl/amsterdam/restaurant/volare
"Volare is een Italiaans trattoria in Amsterdam West. Naast pizza, pasta en gerechten van de grill kan je cocktails drinken bij de bar Bomboloni's.",https://www.debuik.nl/amsterdam/restaurant/volare
Vooges aan 't IJ,https://www.debuik.nl/amsterdam/restaurant/vooges-aan-t-ij
Vooges heeft de locatie van Mr Nieges overgenomen en omgetoverd in een stukje Riviera in Amsterdam. Met een geweldig terras aan ’t IJ voor de hele dag tot de late avond.,https://www.debuik.nl/amsterdam/restaurant/vooges-aan-t-ij
"Voor de meest heerlijke Surinaamse gerechten ga je naar De Buitenvrouw, de plek voor alle lekkere dingen in het leven. Open voor laat ontbijt en lunch!",https://www.debuik.nl/amsterdam/restaurant/de-buitenvrouw
"Voor echte Amsterdamse jenever en likeuren moet je bij van Wees zijn. In het historisch ingerichte proeflokaal kun je alle dranken proberen combineert met klassieke barbites, een burger of de kaasfondue",https://www.debuik.nl/amsterdam/restaurant/proeflokaal-a-van-wees
Voor een nostalgisch avondje in de Pijp ga je naar 't Heemelryck. Klassiek Hollands-Franse gerechten in een sfeer die je terugbrengt naar de tijd van oma.,https://www.debuik.nl/amsterdam/restaurant/t-heemelryck
Voor goed schepijs ga je naar de historische ijswinkel Monte Pelmo in de Jordaan. Ze zijn beroemd om hun blauwe smurfenijs.,https://www.debuik.nl/amsterdam/restaurant/monte-pelmo
Voor lekkere eigengestookte neutjes duik je het groen in van het Flevopark en schuif je hier aan de bar van distilleerderij en proeflokaal 't Nieuwe Diep.,https://www.debuik.nl/amsterdam/restaurant/t-nieuwe-diep
Voor lekkere sushi en niet-traditionele Japanse gerechten zit je bij Ku Kitchen en Bar goed.,https://www.debuik.nl/amsterdam/restaurant/ku-kitchen
"Voor ontspanning na inspanning ga je naar Recover. Een heerlijke plek met eerlijk eten, waar je mind &body geheel kunnen recoveren.",https://www.debuik.nl/amsterdam/restaurant/recover
Voor vlees bereid door een barbecue-expert moet je bij Pendergast in Amsterdam West zijn. Ook kun je hier terecht voor speciaalbieren en whisky's.,https://www.debuik.nl/amsterdam/restaurant/pendergast-smokehouse
"Vrolijke design cocktailbar Super Lyan biedt cocktails van wereldse allure van de hand van internationale ""startender"" Ryan Chetiyawardana.",https://www.debuik.nl/amsterdam/restaurant/super-lyan
Vrolijke en hippe brunchzaak in De Pijp waar je terecht kunt voor uitstekende Braziliaanse koffie en een smakelijke Nieuw-Zeelandse brunch.,https://www.debuik.nl/amsterdam/restaurant/bakers-roasters
Vuurtoreneiland,https://www.debuik.nl/amsterdam/restaurant/vuurtoreneiland
Vuurtoreneiland is een afgezonderd restaurant waar je met de boot naartoe gaat. Eenmaal aangekomen geniet je van op open vuur bereide gerechten.,https://www.debuik.nl/amsterdam/restaurant/vuurtoreneiland
W Lounge - W Hotel,https://www.debuik.nl/amsterdam/restaurant/w-lounge-w-hotel
WALDO chocolade & patisserie,https://www.debuik.nl/amsterdam/restaurant/waldo-chocolade-patisserie
WC Bar,https://www.debuik.nl/amsterdam/restaurant/wc-bar
WC Bar is een wijnbar in FYR waar je gewoon goede wijn betaalbaar kunt drinken met een kaart vol wisselende verrassingen en borrelhapjes.,https://www.debuik.nl/amsterdam/restaurant/wc-bar
WE ARE EDN,https://www.debuik.nl/amsterdam/restaurant/we-are-edn
WE ARE EDN aan de Oosterdokstraat biedt een familievriendelijke eetervaring waarbij verbinding en duurzaamheid centraal staan.,https://www.debuik.nl/amsterdam/restaurant/we-are-edn
WOW CRAB,https://www.debuik.nl/amsterdam/restaurant/wow-crab
Wagyu Kanata,https://www.debuik.nl/amsterdam/restaurant/wagyu-kanata
"Wagyu Kanata was al jaren een geheimpje onder vleesliefhebbers in Buitenveldet. Nu is er een tweede locatie in het centrum, om de hoek bij het Rijksmuseum.",https://www.debuik.nl/amsterdam/restaurant/wagyu-kanata
Wako Smokehouse,https://www.debuik.nl/amsterdam/restaurant/wako-smokehouse
Wako Smokehouse is opgezet als smokehouse maar dat moet nog even wachten nu de smashburgers zo’n succes zijn.,https://www.debuik.nl/amsterdam/restaurant/wako-smokehouse
Wakuli,https://www.debuik.nl/amsterdam/restaurant/wakuli
Waldo chocolade & patisserie stond ooit alleen op markten en festivals maar inmiddels heeft deze chocolade patisserie twee winkels geopend in Amsterdam.,https://www.debuik.nl/amsterdam/restaurant/waldo-chocolade-patisserie
Warna Baru,https://www.debuik.nl/amsterdam/restaurant/warna-baru
Warung Spang Makandra,https://www.debuik.nl/amsterdam/restaurant/warung-spang-makandra
We wanen ons een klein beetje in het Midden-Oosten zonder dat we enige regels verbreken. Bij LAFFA maken ze heerlijke gevulde platbroden: laffa’s,https://www.debuik.nl/amsterdam/restaurant/laffa
Wegrestaurant Zacht Staal,https://www.debuik.nl/amsterdam/restaurant/wegrestaurant-zacht-staal
Wiesje Amsterdam: restobar met Duitse wijnen & NL/Frans menu. Geniet voordelig van een heerlijk 3-gangenmenu achter de Overtoom!,https://www.debuik.nl/amsterdam/restaurant/caf-wiesje
Wijmpje Beukers is de huiskamer en het buurtrestaurant van de Pijp. Hier loop je binnen zonder te reserveren en er wordt vers gekookt met altijd een vegetarische en vegan keuze.,https://www.debuik.nl/amsterdam/restaurant/eetcafe-wijmpje-beukers
Wijnbar Vindict,https://www.debuik.nl/amsterdam/restaurant/wijnbar-vindict
Wilde Zwijnen,https://www.debuik.nl/amsterdam/restaurant/wilde-zwijnen
"Wilde Zwijnen is een no-nonsense zaak in Oost, waar je rustieke gerechten met veel inspiratie uit de seizoenen kunt eten.",https://www.debuik.nl/amsterdam/restaurant/wilde-zwijnen
"Wilde gefermenteerde bieren, cider, natuurwijn en gerechten en happen van de Argentijnse parilla dat is de formule van gastropub Pelusa",https://www.debuik.nl/amsterdam/restaurant/pelusa
Williams Farmhouse,https://www.debuik.nl/amsterdam/restaurant/williams-farmhouse
"Williams Farmhouse is een comfortabel Brits restaurant met de warme sfeer van het Engelse platteland met veel hout, leder en zelfs een centrale haard.",https://www.debuik.nl/amsterdam/restaurant/williams-farmhouse
Wils Bakery Café,https://www.debuik.nl/amsterdam/restaurant/wils-bakery-cafe
"Wist je dat je geen hotelgast hoeft te zijn om te kunnen genieten in The Hoxtons Lotti's? Bij Lotti's drink je één van de betere koffies van Amsterdam en ontbijt, brunch of diner je met gerechten van een internationale kaart mét Nederlandse touch.",https://www.debuik.nl/amsterdam/restaurant/lotti-s
Wit paradijsje met een Portugees getinte keuken en een fijn terras aan het stenen ‘zomerstrand’ van de Amstel.,https://www.debuik.nl/amsterdam/restaurant/bam-boa
Wolf Atelier,https://www.debuik.nl/amsterdam/restaurant/wolf-atelier
Yamazato,https://www.debuik.nl/amsterdam/restaurant/yamazato
Yellow River Amsterdam,https://www.debuik.nl/amsterdam/restaurant/yellow-river-amsterdam
Yuzu Dining Bar,https://www.debuik.nl/amsterdam/restaurant/yuzu-dining-bar
Yuzu Dining Bar ligt verscholen achter het Leidscheplein en heeft een smalle bar met fijne gerechten boven en voor de liefhebbers een danskelder beneden.,https://www.debuik.nl/amsterdam/restaurant/yuzu-dining-bar
ZAMEN,https://www.debuik.nl/amsterdam/restaurant/zamen
ZAMEN is een eetcafé waar je prima kunt flexwerken en ondertussen kunt genieten van veganistische sandwiches.,https://www.debuik.nl/amsterdam/restaurant/zamen
Zero Zero,https://www.debuik.nl/amsterdam/restaurant/zero-zero
Zoldering,https://www.debuik.nl/amsterdam/restaurant/zoldering
"Zondigen in de broeierige Zuid-Amerikaanse Jordaan doe je naast druipend rood kaarsvet, met oesters gedrenkt in leache de tigre, toastadas van zwezerik en draft cocktails of natuurwijnen.",https://www.debuik.nl/amsterdam/restaurant/sins-of-sal
Zuurdesembroodjes tijdens de lunch en zuurdesem pizza in de avond voor of na de bios met natuurlijke wijn van hun eigen Italiaanse wijngaard.,https://www.debuik.nl/amsterdam/restaurant/strangelove-in-lab111
char.d,https://www.debuik.nl/amsterdam/restaurant/char-d
de Huyschkaemer,https://www.debuik.nl/amsterdam/restaurant/de-huyschkaemer
de Uitsmijter,https://www.debuik.nl/amsterdam/restaurant/de-uitsmijter
et CLAIRE,https://www.debuik.nl/amsterdam/restaurant/et-claire
nNea,https://www.debuik.nl/amsterdam/restaurant/nnea
tHuis aan de Amstel,https://www.debuik.nl/amsterdam/restaurant/thuis-aan-de-amstel
tHuis aan de Amstel heeft een fijne tuin en een uitgebreide kaart. Gelegen aan de Amstel is dit de plek om te ontspannen aan de drukte van de stad.,https://www.debuik.nl/amsterdam/restaurant/thuis-aan-de-amstel
Ô MAI,https://www.debuik.nl/amsterdam/restaurant/mai
"​TEDS aan de Prinsengracht in de Jordaan is een hotspot voor liefhebbers van brunch, lunch en borrel. Gelegen in een grachtenpand met uitzicht op de Westertoren.",https://www.debuik.nl/amsterdam/restaurant/teds-jordaan
"​TEDS in Amsterdam Oud-West is een geliefde plek voor brunchliefhebbers met gerechten naar iedereens smaak en een trendy, uitnodigend interieur en fijn terras.",https://www.debuik.nl/amsterdam/restaurant/teds-oud-west
​Thull's​ Deli,https://www.debuik.nl/amsterdam/restaurant/thull-s
"‘t Blauwe Theehuis, een sfeervol proeflokaal van Brouwerij 't IJ in het Vondelpark is de plek om te ontspannen met een ambachtelijk gebrouwen bier in de hand.",https://www.debuik.nl/amsterdam/restaurant/t-blauwe-theehuis
